mean_fit_time,std_fit_time,mean_score_time,std_score_time,param_preprocessor__text__tvec__max_features,param_preprocessor__text__tvec__ngram_range,param_xgboost__colsample_bytree,param_xgboost__learning_rate,param_xgboost__max_depth,param_xgboost__min_child_weight,param_xgboost__min_split_loss,param_xgboost__objective,param_xgboost__reg_alpha,param_xgboost__reg_lambda,param_xgboost__subsample,params,split0_test_score,split1_test_score,split2_test_score,split3_test_score,mean_test_score,std_test_score,rank_test_score
5.269835948944092,0.03545342430947315,0.4513610005378723,0.024614217796502018,7500,"(1, 1)",1,0.3022169340194273,2,4,0.1,reg:tweedie,2,6,0.5290418060840998,"{'preprocessor__text__tvec__max_features': 7500, 'preprocessor__text__tvec__ngram_range': (1, 1), 'xgboost__colsample_bytree': 1, 'xgboost__learning_rate': 0.3022169340194273, 'xgboost__max_depth': 2, 'xgboost__min_child_weight': 4, 'xgboost__min_split_loss': 0.1, 'xgboost__objective': 'reg:tweedie', 'xgboost__reg_alpha': 2, 'xgboost__reg_lambda': 6, 'xgboost__subsample': 0.5290418060840998}",0.25397361826599574,0.3113056612705477,0.2874243301280067,0.3205443679572486,0.2933119944054497,0.025727158045778596,94
9.449543714523315,0.06213716296481134,0.8966628313064575,0.05954952968761596,2500,"(1, 3)",0.9,0.11448576392178947,5,3,0.05,reg:tweedie,1,4,0.8087407548138583,"{'preprocessor__text__tvec__max_features': 2500, 'preprocessor__text__tvec__ngram_range': (1, 3), 'xgboost__colsample_bytree': 0.9, 'xgboost__learning_rate': 0.11448576392178947, 'xgboost__max_depth': 5, 'xgboost__min_child_weight': 3, 'xgboost__min_split_loss': 0.05, 'xgboost__objective': 'reg:tweedie', 'xgboost__reg_alpha': 1, 'xgboost__reg_lambda': 4, 'xgboost__subsample': 0.8087407548138583}",0.2993086536373417,0.3823927242727315,0.4815156847990164,0.31923251781832807,0.3706123951318544,0.07099723789968021,22
5.856495499610901,0.05440395296525067,0.692661702632904,0.03358125787674004,5000,"(1, 2)",0.8,0.2135271868653631,2,2,0.1,reg:squarederror,9,2,0.6912309956335814,"{'preprocessor__text__tvec__max_features': 5000, 'preprocessor__text__tvec__ngram_range': (1, 2), 'xgboost__colsample_bytree': 0.8, 'xgboost__learning_rate': 0.2135271868653631, 'xgboost__max_depth': 2, 'xgboost__min_child_weight': 2, 'xgboost__min_split_loss': 0.1, 'xgboost__objective': 'reg:squarederror', 'xgboost__reg_alpha': 9, 'xgboost__reg_lambda': 2, 'xgboost__subsample': 0.6912309956335814}",0.3399280856332554,0.19832370943797195,0.44344461675346525,0.2931316318812738,0.31870701092649156,0.0882553732213199,82
6.453591763973236,0.03711018577077384,0.842117428779602,0.034728097903135975,2500,"(1, 3)",0.8,0.26372599647305006,2,0,0.1,reg:tweedie,3,8,0.9828160165372797,"{'preprocessor__text__tvec__max_features': 2500, 'preprocessor__text__tvec__ngram_range': (1, 3), 'xgboost__colsample_bytree': 0.8, 'xgboost__learning_rate': 0.26372599647305006, 'xgboost__max_depth': 2, 'xgboost__min_child_weight': 0, 'xgboost__min_split_loss': 0.1, 'xgboost__objective': 'reg:tweedie', 'xgboost__reg_alpha': 3, 'xgboost__reg_lambda': 8, 'xgboost__subsample': 0.9828160165372797}",0.2644912017060591,0.30623900537211224,0.3629567449384087,0.32128459696494915,0.3137428872453823,0.035216892062460696,87
6.208343029022217,0.4739259699570318,0.5981220602989197,0.09386301069072861,5000,"(1, 2)",0.8,0.10409846193834366,3,3,0.1,reg:tweedie,6,7,0.5171942605576092,"{'preprocessor__text__tvec__max_features': 5000, 'preprocessor__text__tvec__ngram_range': (1, 2), 'xgboost__colsample_bytree': 0.8, 'xgboost__learning_rate': 0.10409846193834366, 'xgboost__max_depth': 3, 'xgboost__min_child_weight': 3, 'xgboost__min_split_loss': 0.1, 'xgboost__objective': 'reg:tweedie', 'xgboost__reg_alpha': 6, 'xgboost__reg_lambda': 7, 'xgboost__subsample': 0.5171942605576092}",0.2513306983725484,0.3433656719800521,0.40667783796901735,0.28683564016180296,0.32205246212085525,0.05885894063035746,78
5.650874376296997,0.10691669339786312,0.4385128617286682,0.010324463954864544,5000,"(1, 1)",0.9,0.28036170563042256,3,1,0.05,reg:squarederror,1,9,0.7248770666848828,"{'preprocessor__text__tvec__max_features': 5000, 'preprocessor__text__tvec__ngram_range': (1, 1), 'xgboost__colsample_bytree': 0.9, 'xgboost__learning_rate': 0.28036170563042256, 'xgboost__max_depth': 3, 'xgboost__min_child_weight': 1, 'xgboost__min_split_loss': 0.05, 'xgboost__objective': 'reg:squarederror', 'xgboost__reg_alpha': 1, 'xgboost__reg_lambda': 9, 'xgboost__subsample': 0.7248770666848828}",0.3464771578348391,0.37755033402236426,0.48800893252829436,0.32960076410705474,0.3854092971231381,0.06168215364524227,7
8.500534474849701,0.013100027743909651,0.7167823314666748,0.040894168823752325,5000,"(1, 2)",0.9,0.30069831986505596,4,3,0,reg:tweedie,7,4,0.6943386448447411,"{'preprocessor__text__tvec__max_features': 5000, 'preprocessor__text__tvec__ngram_range': (1, 2), 'xgboost__colsample_bytree': 0.9, 'xgboost__learning_rate': 0.30069831986505596, 'xgboost__max_depth': 4, 'xgboost__min_child_weight': 3, 'xgboost__min_split_loss': 0, 'xgboost__objective': 'reg:tweedie', 'xgboost__reg_alpha': 7, 'xgboost__reg_lambda': 4, 'xgboost__subsample': 0.6943386448447411}",0.2534398320275597,0.3033832478700764,0.44964389796538373,0.24143819953225476,0.3119762943488187,0.08280753252988558,88
7.401248872280121,0.09778997103414958,0.897843062877655,0.06534757752636476,5000,"(1, 3)",0.8,0.2575656195143745,2,3,0,reg:squarederror,0,8,0.9934434683002586,"{'preprocessor__text__tvec__max_features': 5000, 'preprocessor__text__tvec__ngram_range': (1, 3), 'xgboost__colsample_bytree': 0.8, 'xgboost__learning_rate': 0.2575656195143745, 'xgboost__max_depth': 2, 'xgboost__min_child_weight': 3, 'xgboost__min_split_loss': 0, 'xgboost__objective': 'reg:squarederror', 'xgboost__reg_alpha': 0, 'xgboost__reg_lambda': 8, 'xgboost__subsample': 0.9934434683002586}",0.3438238862518128,0.28447679785995617,0.4566568004316246,0.34152443359706774,0.35662047953511533,0.062457224775797515,38
10.140499830245972,0.04993660955990221,0.9090695977210999,0.09819611214106028,2500,"(1, 3)",1,0.15128908267483668,5,2,0.1,reg:squarederror,10,4,0.9631504392566745,"{'preprocessor__text__tvec__max_features': 2500, 'preprocessor__text__tvec__ngram_range': (1, 3), 'xgboost__colsample_bytree': 1, 'xgboost__learning_rate': 0.15128908267483668, 'xgboost__max_depth': 5, 'xgboost__min_child_weight': 2, 'xgboost__min_split_loss': 0.1, 'xgboost__objective': 'reg:squarederror', 'xgboost__reg_alpha': 10, 'xgboost__reg_lambda': 4, 'xgboost__subsample': 0.9631504392566745}",0.3470458695328962,0.36772455660592795,0.5070625260438577,0.34310291805162274,0.39123396755857615,0.06752431654205522,2
8.76070111989975,0.28081979699612936,0.4448773264884949,0.02343617851567724,5000,"(1, 1)",1,0.3420890069396212,5,1,0,reg:tweedie,6,6,0.8344206263318037,"{'preprocessor__text__tvec__max_features': 5000, 'preprocessor__text__tvec__ngram_range': (1, 1), 'xgboost__colsample_bytree': 1, 'xgboost__learning_rate': 0.3420890069396212, 'xgboost__max_depth': 5, 'xgboost__min_child_weight': 1, 'xgboost__min_split_loss': 0, 'xgboost__objective': 'reg:tweedie', 'xgboost__reg_alpha': 6, 'xgboost__reg_lambda': 6, 'xgboost__subsample': 0.8344206263318037}",0.2700610106248589,0.3805243048405511,0.4571941959828605,0.20936704893242108,0.3292866400951729,0.0960130520717342,69
6.335796892642975,0.024404385675255574,0.8320505619049072,0.03016969931876182,2500,"(1, 3)",0.9,0.35554860530076937,2,2,0,reg:squarederror,2,0,0.8608647605824367,"{'preprocessor__text__tvec__max_features': 2500, 'preprocessor__text__tvec__ngram_range': (1, 3), 'xgboost__colsample_bytree': 0.9, 'xgboost__learning_rate': 0.35554860530076937, 'xgboost__max_depth': 2, 'xgboost__min_child_weight': 2, 'xgboost__min_split_loss': 0, 'xgboost__objective': 'reg:squarederror', 'xgboost__reg_alpha': 2, 'xgboost__reg_lambda': 0, 'xgboost__subsample': 0.8608647605824367}",0.3178357199086199,-0.014654783514636449,0.39594439933478853,0.25932399708286025,0.23961233320290806,0.15459538274601187,98
8.523689031600952,0.1563476588226877,0.9342935681343079,0.04871856376674267,7500,"(1, 3)",0.9,0.2307775871791419,2,1,0.05,reg:tweedie,2,6,0.7376851115910559,"{'preprocessor__text__tvec__max_features': 7500, 'preprocessor__text__tvec__ngram_range': (1, 3), 'xgboost__colsample_bytree': 0.9, 'xgboost__learning_rate': 0.2307775871791419, 'xgboost__max_depth': 2, 'xgboost__min_child_weight': 1, 'xgboost__min_split_loss': 0.05, 'xgboost__objective': 'reg:tweedie', 'xgboost__reg_alpha': 2, 'xgboost__reg_lambda': 6, 'xgboost__subsample': 0.7376851115910559}",0.27708856631186485,0.31461918548573065,0.415522463944592,0.2953579387800934,0.3256470386305702,0.05355968732180736,72
5.1638177037239075,0.03036228399849884,0.6334939002990723,0.04060827166121469,2500,"(1, 2)",0.8,0.1644832634157385,2,2,0,reg:tweedie,6,10,0.8473924665198522,"{'preprocessor__text__tvec__max_features': 2500, 'preprocessor__text__tvec__ngram_range': (1, 2), 'xgboost__colsample_bytree': 0.8, 'xgboost__learning_rate': 0.1644832634157385, 'xgboost__max_depth': 2, 'xgboost__min_child_weight': 2, 'xgboost__min_split_loss': 0, 'xgboost__objective': 'reg:tweedie', 'xgboost__reg_alpha': 6, 'xgboost__reg_lambda': 10, 'xgboost__subsample': 0.8473924665198522}",0.25849159097198726,0.32535936720249514,0.3804600402710372,0.29630332956853767,0.3151535820035143,0.04453932191753327,84
5.902121007442474,0.06343777358923433,0.6482224464416504,0.021120249537325754,5000,"(1, 2)",0.8,0.1767133044967023,2,3,0.05,reg:tweedie,10,9,0.5610439773503366,"{'preprocessor__text__tvec__max_features': 5000, 'preprocessor__text__tvec__ngram_range': (1, 2), 'xgboost__colsample_bytree': 0.8, 'xgboost__learning_rate': 0.1767133044967023, 'xgboost__max_depth': 2, 'xgboost__min_child_weight': 3, 'xgboost__min_split_loss': 0.05, 'xgboost__objective': 'reg:tweedie', 'xgboost__reg_alpha': 10, 'xgboost__reg_lambda': 9, 'xgboost__subsample': 0.5610439773503366}",0.26661306931799356,0.3293570109711047,0.35957629751536047,0.2996078269886644,0.31378855119828075,0.034516350046904544,86
6.157601058483124,0.036685035854193276,0.8540745973587036,0.044124330090466665,2500,"(1, 3)",0.9,0.12829080911253127,2,2,0.05,reg:squarederror,3,8,0.6523906290790145,"{'preprocessor__text__tvec__max_features': 2500, 'preprocessor__text__tvec__ngram_range': (1, 3), 'xgboost__colsample_bytree': 0.9, 'xgboost__learning_rate': 0.12829080911253127, 'xgboost__max_depth': 2, 'xgboost__min_child_weight': 2, 'xgboost__min_split_loss': 0.05, 'xgboost__objective': 'reg:squarederror', 'xgboost__reg_alpha': 3, 'xgboost__reg_lambda': 8, 'xgboost__subsample': 0.6523906290790145}",0.32019668961647385,0.29814282342166676,0.4501182155608461,0.30197642564459404,0.3426085385608952,0.06262745014094735,59
7.434273958206177,0.26498766120424566,0.8969992399215698,0.06814209365165849,5000,"(1, 3)",0.8,0.2282514468617469,2,2,0.05,reg:tweedie,7,10,0.6616014660103776,"{'preprocessor__text__tvec__max_features': 5000, 'preprocessor__text__tvec__ngram_range': (1, 3), 'xgboost__colsample_bytree': 0.8, 'xgboost__learning_rate': 0.2282514468617469, 'xgboost__max_depth': 2, 'xgboost__min_child_weight': 2, 'xgboost__min_split_loss': 0.05, 'xgboost__objective': 'reg:tweedie', 'xgboost__reg_alpha': 7, 'xgboost__reg_lambda': 10, 'xgboost__subsample': 0.6616014660103776}",0.26604148703788455,0.3375626919581626,0.25954817666599894,0.3110990314388774,0.29356284677523087,0.03224099553794739,93
6.016194760799408,0.08136935899012718,0.43190401792526245,0.013627606975245425,2500,"(1, 1)",0.9,0.38828662594442676,5,3,0.05,reg:squarederror,1,2,0.6504391549083848,"{'preprocessor__text__tvec__max_features': 2500, 'preprocessor__text__tvec__ngram_range': (1, 1), 'xgboost__colsample_bytree': 0.9, 'xgboost__learning_rate': 0.38828662594442676, 'xgboost__max_depth': 5, 'xgboost__min_child_weight': 3, 'xgboost__min_split_loss': 0.05, 'xgboost__objective': 'reg:squarederror', 'xgboost__reg_alpha': 1, 'xgboost__reg_lambda': 2, 'xgboost__subsample': 0.6504391549083848}",0.29767484745375516,0.06849058613176329,0.4396043271216077,0.22426422012450586,0.257508495207908,0.13379572081200733,97
4.8913262486457825,0.04089094286783182,0.41345417499542236,0.0067390099240758365,2500,"(1, 1)",1,0.26432794458745595,3,3,0.05,reg:squarederror,4,0,0.8171756723506819,"{'preprocessor__text__tvec__max_features': 2500, 'preprocessor__text__tvec__ngram_range': (1, 1), 'xgboost__colsample_bytree': 1, 'xgboost__learning_rate': 0.26432794458745595, 'xgboost__max_depth': 3, 'xgboost__min_child_weight': 3, 'xgboost__min_split_loss': 0.05, 'xgboost__objective': 'reg:squarederror', 'xgboost__reg_alpha': 4, 'xgboost__reg_lambda': 0, 'xgboost__subsample': 0.8171756723506819}",0.3181221842672648,0.25987170771807744,0.3867914956622782,0.23421868702915183,0.29975101866919307,0.058733274837888275,91
8.377395987510681,0.032616823336105515,0.7325754165649414,0.024637702481248882,5000,"(1, 2)",0.8,0.22955280962739785,5,3,0.1,reg:squarederror,7,10,0.621079969138713,"{'preprocessor__text__tvec__max_features': 5000, 'preprocessor__text__tvec__ngram_range': (1, 2), 'xgboost__colsample_bytree': 0.8, 'xgboost__learning_rate': 0.22955280962739785, 'xgboost__max_depth': 5, 'xgboost__min_child_weight': 3, 'xgboost__min_split_loss': 0.1, 'xgboost__objective': 'reg:squarederror', 'xgboost__reg_alpha': 7, 'xgboost__reg_lambda': 10, 'xgboost__subsample': 0.621079969138713}",0.33994581068393404,0.3350578576678408,0.4866113884624308,0.34527197896283235,0.3767217589442595,0.06354756166946617,17
7.033697485923767,0.3340911281650244,0.4856458902359009,0.09780027390924305,5000,"(1, 1)",0.9,0.27152297743410037,4,0,0,reg:tweedie,10,5,0.8479064033954409,"{'preprocessor__text__tvec__max_features': 5000, 'preprocessor__text__tvec__ngram_range': (1, 1), 'xgboost__colsample_bytree': 0.9, 'xgboost__learning_rate': 0.27152297743410037, 'xgboost__max_depth': 4, 'xgboost__min_child_weight': 0, 'xgboost__min_split_loss': 0, 'xgboost__objective': 'reg:tweedie', 'xgboost__reg_alpha': 10, 'xgboost__reg_lambda': 5, 'xgboost__subsample': 0.8479064033954409}",0.283059012530537,0.35529938710542974,0.4558396896179462,0.30860573614154685,0.35070095634886495,0.06599761156033293,47
11.52196854352951,0.1801473871979991,0.9215911626815796,0.058911036130923945,7500,"(1, 3)",1,0.29555139904136585,4,2,0.1,reg:tweedie,8,0,0.6987860105437611,"{'preprocessor__text__tvec__max_features': 7500, 'preprocessor__text__tvec__ngram_range': (1, 3), 'xgboost__colsample_bytree': 1, 'xgboost__learning_rate': 0.29555139904136585, 'xgboost__max_depth': 4, 'xgboost__min_child_weight': 2, 'xgboost__min_split_loss': 0.1, 'xgboost__objective': 'reg:tweedie', 'xgboost__reg_alpha': 8, 'xgboost__reg_lambda': 0, 'xgboost__subsample': 0.6987860105437611}",0.3207018214606061,0.34115722730293785,0.4330607201054145,0.30655169265144533,0.35036786538010095,0.04930232051037528,48
6.58099627494812,0.029739543735403454,0.6651051640510559,0.010834328610128214,7500,"(1, 2)",0.8,0.2844278963837585,2,0,0.05,reg:squarederror,9,2,0.6142750108986499,"{'preprocessor__text__tvec__max_features': 7500, 'preprocessor__text__tvec__ngram_range': (1, 2), 'xgboost__colsample_bytree': 0.8, 'xgboost__learning_rate': 0.2844278963837585, 'xgboost__max_depth': 2, 'xgboost__min_child_weight': 0, 'xgboost__min_split_loss': 0.05, 'xgboost__objective': 'reg:squarederror', 'xgboost__reg_alpha': 9, 'xgboost__reg_lambda': 2, 'xgboost__subsample': 0.6142750108986499}",0.30729459570829065,0.21838468386876997,0.4104442762706897,0.25075019610117844,0.2967184379872322,0.07296348008045236,92
6.782324373722076,0.109266096999236,0.45140570402145386,0.027194736498161592,5000,"(1, 1)",0.8,0.16253024946754588,5,3,0,reg:squarederror,10,6,0.6695148955243504,"{'preprocessor__text__tvec__max_features': 5000, 'preprocessor__text__tvec__ngram_range': (1, 1), 'xgboost__colsample_bytree': 0.8, 'xgboost__learning_rate': 0.16253024946754588, 'xgboost__max_depth': 5, 'xgboost__min_child_weight': 3, 'xgboost__min_split_loss': 0, 'xgboost__objective': 'reg:squarederror', 'xgboost__reg_alpha': 10, 'xgboost__reg_lambda': 6, 'xgboost__subsample': 0.6695148955243504}",0.34934123997171695,0.3599770023920448,0.5319949518772489,0.3710174580545754,0.4030826630738965,0.0748211101850882,1
10.390358865261078,0.05524901157334603,0.8935900330543518,0.045306523268056426,7500,"(1, 3)",1,0.3443301808598654,3,0,0.1,reg:squarederror,7,3,0.9492770942635396,"{'preprocessor__text__tvec__max_features': 7500, 'preprocessor__text__tvec__ngram_range': (1, 3), 'xgboost__colsample_bytree': 1, 'xgboost__learning_rate': 0.3443301808598654, 'xgboost__max_depth': 3, 'xgboost__min_child_weight': 0, 'xgboost__min_split_loss': 0.1, 'xgboost__objective': 'reg:squarederror', 'xgboost__reg_alpha': 7, 'xgboost__reg_lambda': 3, 'xgboost__subsample': 0.9492770942635396}",0.35088113158024925,0.31808358369041767,0.4762327662592245,0.3999861154604044,0.386295899247574,0.059546594844762143,6
7.727602064609528,0.06093771912417735,0.8460742831230164,0.009723862695187345,5000,"(1, 3)",0.9,0.375651133635156,2,4,0.05,reg:tweedie,1,1,0.8459475988463466,"{'preprocessor__text__tvec__max_features': 5000, 'preprocessor__text__tvec__ngram_range': (1, 3), 'xgboost__colsample_bytree': 0.9, 'xgboost__learning_rate': 0.375651133635156, 'xgboost__max_depth': 2, 'xgboost__min_child_weight': 4, 'xgboost__min_split_loss': 0.05, 'xgboost__objective': 'reg:tweedie', 'xgboost__reg_alpha': 1, 'xgboost__reg_lambda': 1, 'xgboost__subsample': 0.8459475988463466}",0.2794843323952202,0.32834893396096365,0.3970960477015516,0.2853467339608343,0.3225690120046425,0.0469826408032974,76
4.362923085689545,0.029600875454931563,0.4118082523345947,0.007968713976118856,2500,"(1, 1)",0.8,0.10463990157720009,3,4,0.1,reg:squarederror,0,0,0.7712701152774497,"{'preprocessor__text__tvec__max_features': 2500, 'preprocessor__text__tvec__ngram_range': (1, 1), 'xgboost__colsample_bytree': 0.8, 'xgboost__learning_rate': 0.10463990157720009, 'xgboost__max_depth': 3, 'xgboost__min_child_weight': 4, 'xgboost__min_split_loss': 0.1, 'xgboost__objective': 'reg:squarederror', 'xgboost__reg_alpha': 0, 'xgboost__reg_lambda': 0, 'xgboost__subsample': 0.7712701152774497}",0.32680046097154136,0.33112392064670837,0.4240023314402075,0.2968940366559093,0.3447051874285917,0.04764182307466201,54
9.823782444000244,0.11800126234119646,0.8963857293128967,0.058069630687358334,7500,"(1, 3)",0.9,0.16866903902951597,3,4,0.1,reg:tweedie,7,10,0.7171971827552144,"{'preprocessor__text__tvec__max_features': 7500, 'preprocessor__text__tvec__ngram_range': (1, 3), 'xgboost__colsample_bytree': 0.9, 'xgboost__learning_rate': 0.16866903902951597, 'xgboost__max_depth': 3, 'xgboost__min_child_weight': 4, 'xgboost__min_split_loss': 0.1, 'xgboost__objective': 'reg:tweedie', 'xgboost__reg_alpha': 7, 'xgboost__reg_lambda': 10, 'xgboost__subsample': 0.7171971827552144}",0.2759097097180363,0.3489217712190317,0.41973374671986285,0.3261569375691,0.3426805413065077,0.051738580495556144,57
7.092147529125214,0.07510604652269748,0.6662471890449524,0.04652239500423538,2500,"(1, 2)",0.8,0.25467142416932936,5,0,0,reg:tweedie,2,3,0.5121579832157269,"{'preprocessor__text__tvec__max_features': 2500, 'preprocessor__text__tvec__ngram_range': (1, 2), 'xgboost__colsample_bytree': 0.8, 'xgboost__learning_rate': 0.25467142416932936, 'xgboost__max_depth': 5, 'xgboost__min_child_weight': 0, 'xgboost__min_split_loss': 0, 'xgboost__objective': 'reg:tweedie', 'xgboost__reg_alpha': 2, 'xgboost__reg_lambda': 3, 'xgboost__subsample': 0.5121579832157269}",0.32815728319954707,0.3549375597946016,0.4747136671126527,0.289275087137393,0.3617708993110486,0.06926088596466884,29
3.8765746355056763,0.03606545505104914,0.41610467433929443,0.007870498360649477,2500,"(1, 1)",0.9,0.3810974185124598,2,2,0,reg:squarederror,7,0,0.776382483417745,"{'preprocessor__text__tvec__max_features': 2500, 'preprocessor__text__tvec__ngram_range': (1, 1), 'xgboost__colsample_bytree': 0.9, 'xgboost__learning_rate': 0.3810974185124598, 'xgboost__max_depth': 2, 'xgboost__min_child_weight': 2, 'xgboost__min_split_loss': 0, 'xgboost__objective': 'reg:squarederror', 'xgboost__reg_alpha': 7, 'xgboost__reg_lambda': 0, 'xgboost__subsample': 0.776382483417745}",0.3615567066468838,0.08311902658482972,0.33342318339715205,0.08110449693005661,0.21480085338973054,0.13306329028219316,99
7.959354877471924,0.06975481030819596,0.9522632956504822,0.0496328957060411,7500,"(1, 3)",0.8,0.11935384477166218,2,4,0.1,reg:squarederror,2,1,0.7784006312291751,"{'preprocessor__text__tvec__max_features': 7500, 'preprocessor__text__tvec__ngram_range': (1, 3), 'xgboost__colsample_bytree': 0.8, 'xgboost__learning_rate': 0.11935384477166218, 'xgboost__max_depth': 2, 'xgboost__min_child_weight': 4, 'xgboost__min_split_loss': 0.1, 'xgboost__objective': 'reg:squarederror', 'xgboost__reg_alpha': 2, 'xgboost__reg_lambda': 1, 'xgboost__subsample': 0.7784006312291751}",0.33263788314516085,0.3098418191733133,0.45584534741434823,0.33287817918220186,0.35780080722875607,0.05737400659856771,36
8.356583178043365,0.32951699872389517,0.6515063643455505,0.0016232791191177738,7500,"(1, 2)",0.9,0.3717141835997221,3,1,0.1,reg:tweedie,6,1,0.6270818245348694,"{'preprocessor__text__tvec__max_features': 7500, 'preprocessor__text__tvec__ngram_range': (1, 2), 'xgboost__colsample_bytree': 0.9, 'xgboost__learning_rate': 0.3717141835997221, 'xgboost__max_depth': 3, 'xgboost__min_child_weight': 1, 'xgboost__min_split_loss': 0.1, 'xgboost__objective': 'reg:tweedie', 'xgboost__reg_alpha': 6, 'xgboost__reg_lambda': 1, 'xgboost__subsample': 0.6270818245348694}",0.23265157189955932,0.08995452705592444,0.1216994223740897,0.28176053660002787,0.18151651448240033,0.07846231598218949,100
6.549185216426849,0.06073967313517532,0.6916682720184326,0.04760294335288372,5000,"(1, 2)",0.9,0.3050528028555093,2,0,0.1,reg:tweedie,6,9,0.9046805777392568,"{'preprocessor__text__tvec__max_features': 5000, 'preprocessor__text__tvec__ngram_range': (1, 2), 'xgboost__colsample_bytree': 0.9, 'xgboost__learning_rate': 0.3050528028555093, 'xgboost__max_depth': 2, 'xgboost__min_child_weight': 0, 'xgboost__min_split_loss': 0.1, 'xgboost__objective': 'reg:tweedie', 'xgboost__reg_alpha': 6, 'xgboost__reg_lambda': 9, 'xgboost__subsample': 0.9046805777392568}",0.2666787070958062,0.3175131454354949,0.4125665185325197,0.29774598711013556,0.3236260895434891,0.05445308086789899,74
10.33300369977951,0.07722181963520672,0.705187201499939,0.03512884420274103,7500,"(1, 2)",0.8,0.26490962459346923,5,1,0.1,reg:squarederror,3,3,0.8249819653888826,"{'preprocessor__text__tvec__max_features': 7500, 'preprocessor__text__tvec__ngram_range': (1, 2), 'xgboost__colsample_bytree': 0.8, 'xgboost__learning_rate': 0.26490962459346923, 'xgboost__max_depth': 5, 'xgboost__min_child_weight': 1, 'xgboost__min_split_loss': 0.1, 'xgboost__objective': 'reg:squarederror', 'xgboost__reg_alpha': 3, 'xgboost__reg_lambda': 3, 'xgboost__subsample': 0.8249819653888826}",0.323859986153028,0.3534195772285711,0.45779579136698156,0.3572350060713114,0.37307759020497305,0.05058895902999268,20
10.013448178768158,0.06606544181573348,0.6923165917396545,0.038970423783475865,5000,"(1, 2)",1,0.18800514964825446,5,1,0.05,reg:tweedie,6,5,0.664076333737366,"{'preprocessor__text__tvec__max_features': 5000, 'preprocessor__text__tvec__ngram_range': (1, 2), 'xgboost__colsample_bytree': 1, 'xgboost__learning_rate': 0.18800514964825446, 'xgboost__max_depth': 5, 'xgboost__min_child_weight': 1, 'xgboost__min_split_loss': 0.05, 'xgboost__objective': 'reg:tweedie', 'xgboost__reg_alpha': 6, 'xgboost__reg_lambda': 5, 'xgboost__subsample': 0.664076333737366}",0.30556106355873136,0.3584199853683161,0.4655476957331909,0.30343750786248624,0.3582415631306812,0.06575210536095374,34
8.95587956905365,0.05247542741017001,0.9142624735832214,0.05513783022004229,5000,"(1, 3)",0.9,0.17430427503029083,3,1,0.05,reg:squarederror,3,9,0.9113002803298291,"{'preprocessor__text__tvec__max_features': 5000, 'preprocessor__text__tvec__ngram_range': (1, 3), 'xgboost__colsample_bytree': 0.9, 'xgboost__learning_rate': 0.17430427503029083, 'xgboost__max_depth': 3, 'xgboost__min_child_weight': 1, 'xgboost__min_split_loss': 0.05, 'xgboost__objective': 'reg:squarederror', 'xgboost__reg_alpha': 3, 'xgboost__reg_lambda': 9, 'xgboost__subsample': 0.9113002803298291}",0.35702908494303176,0.35608926392351614,0.4796102137272267,0.3650975341576578,0.38945652418785803,0.05216790442019281,5
6.830450356006622,0.08653970598799449,0.8866170048713684,0.053085589630943925,5000,"(1, 3)",0.8,0.23885578467277463,2,3,0,reg:squarederror,3,5,0.5258408605843039,"{'preprocessor__text__tvec__max_features': 5000, 'preprocessor__text__tvec__ngram_range': (1, 3), 'xgboost__colsample_bytree': 0.8, 'xgboost__learning_rate': 0.23885578467277463, 'xgboost__max_depth': 2, 'xgboost__min_child_weight': 3, 'xgboost__min_split_loss': 0, 'xgboost__objective': 'reg:squarederror', 'xgboost__reg_alpha': 3, 'xgboost__reg_lambda': 5, 'xgboost__subsample': 0.5258408605843039}",0.34024388714232734,0.2357310071324208,0.39518018567015545,0.31784396982643015,0.32224976244283343,0.0573313639835541,77
12.277953743934631,0.1076990174253858,0.8995489478111267,0.04535686188509451,5000,"(1, 3)",1,0.2727031976480243,5,4,0.05,reg:tweedie,9,2,0.8975930973843518,"{'preprocessor__text__tvec__max_features': 5000, 'preprocessor__text__tvec__ngram_range': (1, 3), 'xgboost__colsample_bytree': 1, 'xgboost__learning_rate': 0.2727031976480243, 'xgboost__max_depth': 5, 'xgboost__min_child_weight': 4, 'xgboost__min_split_loss': 0.05, 'xgboost__objective': 'reg:tweedie', 'xgboost__reg_alpha': 9, 'xgboost__reg_lambda': 2, 'xgboost__subsample': 0.8975930973843518}",0.3194509356374985,0.33500470172803454,0.46838599648274803,0.2928577650811439,0.3539248497323563,0.0677808337525036,41
8.713393688201904,0.021332801712559978,0.9471287131309509,0.05348322481753461,7500,"(1, 3)",0.9,0.12015390728556202,2,1,0,reg:tweedie,6,8,0.8442499503826832,"{'preprocessor__text__tvec__max_features': 7500, 'preprocessor__text__tvec__ngram_range': (1, 3), 'xgboost__colsample_bytree': 0.9, 'xgboost__learning_rate': 0.12015390728556202, 'xgboost__max_depth': 2, 'xgboost__min_child_weight': 1, 'xgboost__min_split_loss': 0, 'xgboost__objective': 'reg:tweedie', 'xgboost__reg_alpha': 6, 'xgboost__reg_lambda': 8, 'xgboost__subsample': 0.8442499503826832}",0.24783110526723384,0.33246916014659633,0.3953809603812217,0.29482367709625956,0.31762622572282784,0.053984781483727935,83
6.352734208106995,0.1574525146384862,0.6770612001419067,0.04343485913599451,2500,"(1, 2)",0.9,0.1402760678752295,3,0,0,reg:squarederror,0,6,0.8285556642500834,"{'preprocessor__text__tvec__max_features': 2500, 'preprocessor__text__tvec__ngram_range': (1, 2), 'xgboost__colsample_bytree': 0.9, 'xgboost__learning_rate': 0.1402760678752295, 'xgboost__max_depth': 3, 'xgboost__min_child_weight': 0, 'xgboost__min_split_loss': 0, 'xgboost__objective': 'reg:squarederror', 'xgboost__reg_alpha': 0, 'xgboost__reg_lambda': 6, 'xgboost__subsample': 0.8285556642500834}",0.33682869860162956,0.3307872050229749,0.48576031921520724,0.3432688099438027,0.3741612581959036,0.06458274203281218,19
7.197625935077667,0.057647608989214214,0.6438370943069458,0.04277066118103188,2500,"(1, 2)",0.8,0.21013039448521822,5,1,0.1,reg:squarederror,5,8,0.6709398333582008,"{'preprocessor__text__tvec__max_features': 2500, 'preprocessor__text__tvec__ngram_range': (1, 2), 'xgboost__colsample_bytree': 0.8, 'xgboost__learning_rate': 0.21013039448521822, 'xgboost__max_depth': 5, 'xgboost__min_child_weight': 1, 'xgboost__min_split_loss': 0.1, 'xgboost__objective': 'reg:squarederror', 'xgboost__reg_alpha': 5, 'xgboost__reg_lambda': 8, 'xgboost__subsample': 0.6709398333582008}",0.3250096184541976,0.26494444505989156,0.5079666615909579,0.32475079245248184,0.35566787938938227,0.09127082752015307,40
7.1417524218559265,0.08813000367714593,0.8375959992408752,0.042640262624842176,2500,"(1, 3)",0.8,0.1809059661151422,3,3,0,reg:tweedie,9,9,0.7458079375584161,"{'preprocessor__text__tvec__max_features': 2500, 'preprocessor__text__tvec__ngram_range': (1, 3), 'xgboost__colsample_bytree': 0.8, 'xgboost__learning_rate': 0.1809059661151422, 'xgboost__max_depth': 3, 'xgboost__min_child_weight': 3, 'xgboost__min_split_loss': 0, 'xgboost__objective': 'reg:tweedie', 'xgboost__reg_alpha': 9, 'xgboost__reg_lambda': 9, 'xgboost__subsample': 0.7458079375584161}",0.2804896325140215,0.3302664328809757,0.4329989351519484,0.3158955993302047,0.3399126499692876,0.056714239213163285,63
7.235773324966431,0.023489270271491936,0.4606059789657593,0.02283983809346365,7500,"(1, 1)",0.9,0.21405309724300842,4,1,0.05,reg:tweedie,4,3,0.5226520048860223,"{'preprocessor__text__tvec__max_features': 7500, 'preprocessor__text__tvec__ngram_range': (1, 1), 'xgboost__colsample_bytree': 0.9, 'xgboost__learning_rate': 0.21405309724300842, 'xgboost__max_depth': 4, 'xgboost__min_child_weight': 1, 'xgboost__min_split_loss': 0.05, 'xgboost__objective': 'reg:tweedie', 'xgboost__reg_alpha': 4, 'xgboost__reg_lambda': 3, 'xgboost__subsample': 0.5226520048860223}",0.30087737996811126,0.3636780122111416,0.4771853688141172,0.29754187340668936,0.3598206586000149,0.07270197996195857,31
11.897028505802155,0.12065213277486185,0.725458025932312,0.04581047813454265,7500,"(1, 2)",0.9,0.3730396338091255,5,0,0,reg:squarederror,3,7,0.9719458022803786,"{'preprocessor__text__tvec__max_features': 7500, 'preprocessor__text__tvec__ngram_range': (1, 2), 'xgboost__colsample_bytree': 0.9, 'xgboost__learning_rate': 0.3730396338091255, 'xgboost__max_depth': 5, 'xgboost__min_child_weight': 0, 'xgboost__min_split_loss': 0, 'xgboost__objective': 'reg:squarederror', 'xgboost__reg_alpha': 3, 'xgboost__reg_lambda': 7, 'xgboost__subsample': 0.9719458022803786}",0.33854671963087646,0.32172111069511633,0.5018654614303233,0.3479102270161444,0.37751087969311514,0.07240677580887106,16
8.715053141117096,0.08434669663286436,0.45404481887817383,0.022811796937734375,5000,"(1, 1)",1,0.3250270842162518,5,1,0.1,reg:tweedie,0,0,0.9056020883680015,"{'preprocessor__text__tvec__max_features': 5000, 'preprocessor__text__tvec__ngram_range': (1, 1), 'xgboost__colsample_bytree': 1, 'xgboost__learning_rate': 0.3250270842162518, 'xgboost__max_depth': 5, 'xgboost__min_child_weight': 1, 'xgboost__min_split_loss': 0.1, 'xgboost__objective': 'reg:tweedie', 'xgboost__reg_alpha': 0, 'xgboost__reg_lambda': 0, 'xgboost__subsample': 0.9056020883680015}",0.29612225714234863,0.268030987355929,0.48025565369673207,0.30084765936699187,0.33631413939050037,0.08404612869795776,65
9.429262399673462,0.0587780424709053,0.45792388916015625,0.01932536439180315,7500,"(1, 1)",1,0.33170699845904067,5,1,0.1,reg:tweedie,1,2,0.8091269421689464,"{'preprocessor__text__tvec__max_features': 7500, 'preprocessor__text__tvec__ngram_range': (1, 1), 'xgboost__colsample_bytree': 1, 'xgboost__learning_rate': 0.33170699845904067, 'xgboost__max_depth': 5, 'xgboost__min_child_weight': 1, 'xgboost__min_split_loss': 0.1, 'xgboost__objective': 'reg:tweedie', 'xgboost__reg_alpha': 1, 'xgboost__reg_lambda': 2, 'xgboost__subsample': 0.8091269421689464}",0.3136478590402627,0.33653954626881033,0.48927746622873225,0.17454731084833364,0.32850304559653476,0.11161994053724716,71
6.520524322986603,0.04755710898543862,0.4472023844718933,0.02176975593202336,7500,"(1, 1)",0.9,0.1829208468057686,3,1,0.05,reg:tweedie,1,2,0.6409273873867,"{'preprocessor__text__tvec__max_features': 7500, 'preprocessor__text__tvec__ngram_range': (1, 1), 'xgboost__colsample_bytree': 0.9, 'xgboost__learning_rate': 0.1829208468057686, 'xgboost__max_depth': 3, 'xgboost__min_child_weight': 1, 'xgboost__min_split_loss': 0.05, 'xgboost__objective': 'reg:tweedie', 'xgboost__reg_alpha': 1, 'xgboost__reg_lambda': 2, 'xgboost__subsample': 0.6409273873867}",0.28223502118284827,0.36530700587547704,0.44672382223728324,0.32016222234003744,0.35360701790891147,0.061278351059030234,42
4.524135589599609,0.033270578398933444,0.4456760287284851,0.02828773122584764,5000,"(1, 1)",0.9,0.2701383529296352,2,3,0,reg:squarederror,8,3,0.5887197718898614,"{'preprocessor__text__tvec__max_features': 5000, 'preprocessor__text__tvec__ngram_range': (1, 1), 'xgboost__colsample_bytree': 0.9, 'xgboost__learning_rate': 0.2701383529296352, 'xgboost__max_depth': 2, 'xgboost__min_child_weight': 3, 'xgboost__min_split_loss': 0, 'xgboost__objective': 'reg:squarederror', 'xgboost__reg_alpha': 8, 'xgboost__reg_lambda': 3, 'xgboost__subsample': 0.5887197718898614}",0.2931597919560478,0.29255515987464686,0.42963529506232623,0.32335889868745626,0.3346772863951193,0.05622078173915617,66
9.185130834579468,0.07182292321470841,0.8847535252571106,0.06667051603390241,2500,"(1, 3)",0.8,0.3021054220566431,5,1,0,reg:squarederror,7,6,0.9653786628017824,"{'preprocessor__text__tvec__max_features': 2500, 'preprocessor__text__tvec__ngram_range': (1, 3), 'xgboost__colsample_bytree': 0.8, 'xgboost__learning_rate': 0.3021054220566431, 'xgboost__max_depth': 5, 'xgboost__min_child_weight': 1, 'xgboost__min_split_loss': 0, 'xgboost__objective': 'reg:squarederror', 'xgboost__reg_alpha': 7, 'xgboost__reg_lambda': 6, 'xgboost__subsample': 0.9653786628017824}",0.340240510236692,0.3688589447486985,0.5057309779896066,0.3471845195363622,0.3905037381278399,0.0673586680836263,3
4.16083037853241,0.01905986344134593,0.4185323119163513,0.006133527766919194,2500,"(1, 1)",1,0.3083406631941573,2,2,0,reg:tweedie,0,0,0.7526261862239285,"{'preprocessor__text__tvec__max_features': 2500, 'preprocessor__text__tvec__ngram_range': (1, 1), 'xgboost__colsample_bytree': 1, 'xgboost__learning_rate': 0.3083406631941573, 'xgboost__max_depth': 2, 'xgboost__min_child_weight': 2, 'xgboost__min_split_loss': 0, 'xgboost__objective': 'reg:tweedie', 'xgboost__reg_alpha': 0, 'xgboost__reg_lambda': 0, 'xgboost__subsample': 0.7526261862239285}",0.2903255077475183,0.34012552884182445,0.3362625714723514,0.31419566878511107,0.32022731921170133,0.019897029911868386,80
4.856324315071106,0.05584466870424461,0.6777516603469849,0.047931226445659815,2500,"(1, 2)",0.8,0.3586282495639571,2,3,0,reg:squarederror,2,8,0.6596568187952074,"{'preprocessor__text__tvec__max_features': 2500, 'preprocessor__text__tvec__ngram_range': (1, 2), 'xgboost__colsample_bytree': 0.8, 'xgboost__learning_rate': 0.3586282495639571, 'xgboost__max_depth': 2, 'xgboost__min_child_weight': 3, 'xgboost__min_split_loss': 0, 'xgboost__objective': 'reg:squarederror', 'xgboost__reg_alpha': 2, 'xgboost__reg_lambda': 8, 'xgboost__subsample': 0.6596568187952074}",0.32627403998499904,0.24631321952791263,0.4780324849811275,0.31342128910686695,0.3410102584002265,0.08473624830647082,61
11.360886216163635,0.09957960170802001,0.8644987940788269,0.04747825468884756,5000,"(1, 3)",1,0.23056028871917877,5,4,0,reg:squarederror,8,3,0.8362592280385193,"{'preprocessor__text__tvec__max_features': 5000, 'preprocessor__text__tvec__ngram_range': (1, 3), 'xgboost__colsample_bytree': 1, 'xgboost__learning_rate': 0.23056028871917877, 'xgboost__max_depth': 5, 'xgboost__min_child_weight': 4, 'xgboost__min_split_loss': 0, 'xgboost__objective': 'reg:squarederror', 'xgboost__reg_alpha': 8, 'xgboost__reg_lambda': 3, 'xgboost__subsample': 0.8362592280385193}",0.34187327867033845,0.3219107237448754,0.4209895381640604,0.3432716292943183,0.35701129246839813,0.03789196370240225,37
6.190867841243744,0.06507156064033075,0.8362414836883545,0.061459710327182504,2500,"(1, 3)",0.8,0.12917082687809117,2,1,0.05,reg:squarederror,9,4,0.8685177783955045,"{'preprocessor__text__tvec__max_features': 2500, 'preprocessor__text__tvec__ngram_range': (1, 3), 'xgboost__colsample_bytree': 0.8, 'xgboost__learning_rate': 0.12917082687809117, 'xgboost__max_depth': 2, 'xgboost__min_child_weight': 1, 'xgboost__min_split_loss': 0.05, 'xgboost__objective': 'reg:squarederror', 'xgboost__reg_alpha': 9, 'xgboost__reg_lambda': 4, 'xgboost__subsample': 0.8685177783955045}",0.3162075314255196,0.29982041872741105,0.4741808999044137,0.32081614300310557,0.3527562482651125,0.07053744945300167,44
9.23510628938675,0.048700798323094686,0.8952834606170654,0.056972381453749,2500,"(1, 3)",1,0.13010004414555132,5,0,0.05,reg:tweedie,0,5,0.5420534030574987,"{'preprocessor__text__tvec__max_features': 2500, 'preprocessor__text__tvec__ngram_range': (1, 3), 'xgboost__colsample_bytree': 1, 'xgboost__learning_rate': 0.13010004414555132, 'xgboost__max_depth': 5, 'xgboost__min_child_weight': 0, 'xgboost__min_split_loss': 0.05, 'xgboost__objective': 'reg:tweedie', 'xgboost__reg_alpha': 0, 'xgboost__reg_lambda': 5, 'xgboost__subsample': 0.5420534030574987}",0.2948925500243198,0.392799875274343,0.4612642510742966,0.331472437185774,0.3701072783896834,0.06319504320023783,23
6.041227996349335,0.028000232552937116,0.6271691918373108,0.03298512567460615,2500,"(1, 2)",0.8,0.33220305284065366,3,1,0,reg:squarederror,4,5,0.9933197892505877,"{'preprocessor__text__tvec__max_features': 2500, 'preprocessor__text__tvec__ngram_range': (1, 2), 'xgboost__colsample_bytree': 0.8, 'xgboost__learning_rate': 0.33220305284065366, 'xgboost__max_depth': 3, 'xgboost__min_child_weight': 1, 'xgboost__min_split_loss': 0, 'xgboost__objective': 'reg:squarederror', 'xgboost__reg_alpha': 4, 'xgboost__reg_lambda': 5, 'xgboost__subsample': 0.9933197892505877}",0.3321920584148794,0.23582989233268137,0.4898355574306821,0.34660098246596294,0.3511146226610514,0.09070901715886127,46
6.0144588351249695,0.061151923702377965,0.42802202701568604,0.015282099809154912,2500,"(1, 1)",0.9,0.3290776714328473,4,0,0,reg:tweedie,3,5,0.8540905977915999,"{'preprocessor__text__tvec__max_features': 2500, 'preprocessor__text__tvec__ngram_range': (1, 1), 'xgboost__colsample_bytree': 0.9, 'xgboost__learning_rate': 0.3290776714328473, 'xgboost__max_depth': 4, 'xgboost__min_child_weight': 0, 'xgboost__min_split_loss': 0, 'xgboost__objective': 'reg:tweedie', 'xgboost__reg_alpha': 3, 'xgboost__reg_lambda': 5, 'xgboost__subsample': 0.8540905977915999}",0.306498032676747,0.30916108794472497,0.44729431810334697,0.3088750849314651,0.342957130914071,0.060247972691193516,56
6.459663271903992,0.036941054556635274,0.4635607600212097,0.007719000639565086,7500,"(1, 1)",0.9,0.29363004375071644,3,1,0.1,reg:squarederror,2,1,0.7343303209970631,"{'preprocessor__text__tvec__max_features': 7500, 'preprocessor__text__tvec__ngram_range': (1, 1), 'xgboost__colsample_bytree': 0.9, 'xgboost__learning_rate': 0.29363004375071644, 'xgboost__max_depth': 3, 'xgboost__min_child_weight': 1, 'xgboost__min_split_loss': 0.1, 'xgboost__objective': 'reg:squarederror', 'xgboost__reg_alpha': 2, 'xgboost__reg_lambda': 1, 'xgboost__subsample': 0.7343303209970631}",0.23474533580995938,0.16184098795496216,0.43533441936299566,0.33643926929322565,0.2920900031052857,0.1033671091489717,95
4.72070449590683,0.03672624878365201,0.44347083568573,0.022305660641644992,5000,"(1, 1)",1,0.2762844070170223,2,2,0,reg:tweedie,8,0,0.5414456608466771,"{'preprocessor__text__tvec__max_features': 5000, 'preprocessor__text__tvec__ngram_range': (1, 1), 'xgboost__colsample_bytree': 1, 'xgboost__learning_rate': 0.2762844070170223, 'xgboost__max_depth': 2, 'xgboost__min_child_weight': 2, 'xgboost__min_split_loss': 0, 'xgboost__objective': 'reg:tweedie', 'xgboost__reg_alpha': 8, 'xgboost__reg_lambda': 0, 'xgboost__subsample': 0.5414456608466771}",0.2985100762659333,0.34165215068135557,0.3427264944918239,0.30285491204381143,0.32143590837073105,0.020813653648146045,79
7.7132203578948975,0.04997109523374287,0.643880307674408,0.027693801933505464,2500,"(1, 2)",0.8,0.3848194787476408,5,4,0,reg:squarederror,4,5,0.9623216651117981,"{'preprocessor__text__tvec__max_features': 2500, 'preprocessor__text__tvec__ngram_range': (1, 2), 'xgboost__colsample_bytree': 0.8, 'xgboost__learning_rate': 0.3848194787476408, 'xgboost__max_depth': 5, 'xgboost__min_child_weight': 4, 'xgboost__min_split_loss': 0, 'xgboost__objective': 'reg:squarederror', 'xgboost__reg_alpha': 4, 'xgboost__reg_lambda': 5, 'xgboost__subsample': 0.9623216651117981}",0.3476045428206438,0.22959246752711016,0.4906720946183504,0.3127855600726924,0.3451636662596992,0.0943182171408779,53
7.819836735725403,0.05356950708052748,0.8561074137687683,0.06520413494074287,2500,"(1, 3)",1,0.38727830802105223,3,0,0,reg:tweedie,0,4,0.8484625279319074,"{'preprocessor__text__tvec__max_features': 2500, 'preprocessor__text__tvec__ngram_range': (1, 3), 'xgboost__colsample_bytree': 1, 'xgboost__learning_rate': 0.38727830802105223, 'xgboost__max_depth': 3, 'xgboost__min_child_weight': 0, 'xgboost__min_split_loss': 0, 'xgboost__objective': 'reg:tweedie', 'xgboost__reg_alpha': 0, 'xgboost__reg_lambda': 4, 'xgboost__subsample': 0.8484625279319074}",0.269591242991872,0.2782732409756925,0.4106171010106118,0.29896138553698903,0.3143607426287913,0.056588520481350345,85
9.366768062114716,0.05043341768156336,0.8854047656059265,0.06223944802542176,7500,"(1, 3)",0.8,0.36605176063084666,3,3,0,reg:tweedie,9,3,0.7318492024699911,"{'preprocessor__text__tvec__max_features': 7500, 'preprocessor__text__tvec__ngram_range': (1, 3), 'xgboost__colsample_bytree': 0.8, 'xgboost__learning_rate': 0.36605176063084666, 'xgboost__max_depth': 3, 'xgboost__min_child_weight': 3, 'xgboost__min_split_loss': 0, 'xgboost__objective': 'reg:tweedie', 'xgboost__reg_alpha': 9, 'xgboost__reg_lambda': 3, 'xgboost__subsample': 0.7318492024699911}",0.3615386501258243,0.27307296983637885,0.42599913263578404,0.3153361063817991,0.3439867147449466,0.056753245943407804,55
8.50275433063507,0.17721723019573504,0.6821408867835999,0.056763796155244996,5000,"(1, 2)",0.8,0.3893526370145759,5,2,0.05,reg:squarederror,0,8,0.6547638081431639,"{'preprocessor__text__tvec__max_features': 5000, 'preprocessor__text__tvec__ngram_range': (1, 2), 'xgboost__colsample_bytree': 0.8, 'xgboost__learning_rate': 0.3893526370145759, 'xgboost__max_depth': 5, 'xgboost__min_child_weight': 2, 'xgboost__min_split_loss': 0.05, 'xgboost__objective': 'reg:squarederror', 'xgboost__reg_alpha': 0, 'xgboost__reg_lambda': 8, 'xgboost__subsample': 0.6547638081431639}",0.34471026683670225,0.27253623870483723,0.4420869159007137,0.35315258517747483,0.353121501654932,0.060165561939560214,43
3.8867180347442627,0.05260179301795575,0.41977936029434204,0.00646221760626244,2500,"(1, 1)",0.8,0.36440989478881913,2,1,0.1,reg:tweedie,4,8,0.7091215181453094,"{'preprocessor__text__tvec__max_features': 2500, 'preprocessor__text__tvec__ngram_range': (1, 1), 'xgboost__colsample_bytree': 0.8, 'xgboost__learning_rate': 0.36440989478881913, 'xgboost__max_depth': 2, 'xgboost__min_child_weight': 1, 'xgboost__min_split_loss': 0.1, 'xgboost__objective': 'reg:tweedie', 'xgboost__reg_alpha': 4, 'xgboost__reg_lambda': 8, 'xgboost__subsample': 0.7091215181453094}",0.2893511197168327,0.2729159174693002,0.3250165403613863,0.3201789601436512,0.3018656344227926,0.02159885144370462,90
8.679723083972931,0.05577312214938348,0.670198917388916,0.037908064147794275,5000,"(1, 2)",1,0.11160995648017016,4,0,0.05,reg:squarederror,1,0,0.6883694849689703,"{'preprocessor__text__tvec__max_features': 5000, 'preprocessor__text__tvec__ngram_range': (1, 2), 'xgboost__colsample_bytree': 1, 'xgboost__learning_rate': 0.11160995648017016, 'xgboost__max_depth': 4, 'xgboost__min_child_weight': 0, 'xgboost__min_split_loss': 0.05, 'xgboost__objective': 'reg:squarederror', 'xgboost__reg_alpha': 1, 'xgboost__reg_lambda': 0, 'xgboost__subsample': 0.6883694849689703}",0.33173245890585934,0.3265221871699219,0.3572381644263548,0.2992883465461199,0.32869528926206404,0.020575536291256,70
9.267862915992737,0.05899146368732661,0.8879938125610352,0.06584056739671662,5000,"(1, 3)",0.8,0.3875268223939232,4,0,0,reg:squarederror,1,8,0.7074097511688326,"{'preprocessor__text__tvec__max_features': 5000, 'preprocessor__text__tvec__ngram_range': (1, 3), 'xgboost__colsample_bytree': 0.8, 'xgboost__learning_rate': 0.3875268223939232, 'xgboost__max_depth': 4, 'xgboost__min_child_weight': 0, 'xgboost__min_split_loss': 0, 'xgboost__objective': 'reg:squarederror', 'xgboost__reg_alpha': 1, 'xgboost__reg_lambda': 8, 'xgboost__subsample': 0.7074097511688326}",0.36573285500818953,0.30029635396530163,0.4427202928912619,0.3434075904603129,0.3630392730812665,0.05166816515824878,27
3.9618157148361206,0.05552733847828382,0.41350269317626953,0.006772116476712169,2500,"(1, 1)",1,0.3473459834228959,2,4,0.1,reg:squarederror,5,2,0.7777158528013137,"{'preprocessor__text__tvec__max_features': 2500, 'preprocessor__text__tvec__ngram_range': (1, 1), 'xgboost__colsample_bytree': 1, 'xgboost__learning_rate': 0.3473459834228959, 'xgboost__max_depth': 2, 'xgboost__min_child_weight': 4, 'xgboost__min_split_loss': 0.1, 'xgboost__objective': 'reg:squarederror', 'xgboost__reg_alpha': 5, 'xgboost__reg_lambda': 2, 'xgboost__subsample': 0.7777158528013137}",0.3424413677268733,0.2608420596283503,0.41476902410699934,0.3092828653111859,0.3318338291933522,0.05598915910042292,67
5.8789291977882385,0.04352995725876726,0.41971367597579956,0.011692750741951889,2500,"(1, 1)",0.8,0.3103742271511363,4,0,0,reg:tweedie,8,0,0.9770255136293612,"{'preprocessor__text__tvec__max_features': 2500, 'preprocessor__text__tvec__ngram_range': (1, 1), 'xgboost__colsample_bytree': 0.8, 'xgboost__learning_rate': 0.3103742271511363, 'xgboost__max_depth': 4, 'xgboost__min_child_weight': 0, 'xgboost__min_split_loss': 0, 'xgboost__objective': 'reg:tweedie', 'xgboost__reg_alpha': 8, 'xgboost__reg_lambda': 0, 'xgboost__subsample': 0.9770255136293612}",0.28593773375599185,0.3544833681503202,0.4312126818732185,0.3108391996047132,0.34561824584606093,0.055173235026295425,51
7.741601288318634,0.10775086773315916,0.6525337100028992,0.041023175906453775,2500,"(1, 2)",0.8,0.2831924234505375,5,1,0.1,reg:tweedie,6,9,0.7490825933229465,"{'preprocessor__text__tvec__max_features': 2500, 'preprocessor__text__tvec__ngram_range': (1, 2), 'xgboost__colsample_bytree': 0.8, 'xgboost__learning_rate': 0.2831924234505375, 'xgboost__max_depth': 5, 'xgboost__min_child_weight': 1, 'xgboost__min_split_loss': 0.1, 'xgboost__objective': 'reg:tweedie', 'xgboost__reg_alpha': 6, 'xgboost__reg_lambda': 9, 'xgboost__subsample': 0.7490825933229465}",0.2731636826638203,0.34855455885075337,0.5027098622350382,0.28328899886441683,0.3519292756535072,0.09173559865187195,45
10.326507866382599,0.07477820426857766,0.6830805540084839,0.04559242714681234,5000,"(1, 2)",1,0.23826184996622493,5,0,0.05,reg:tweedie,4,10,0.7017414331061985,"{'preprocessor__text__tvec__max_features': 5000, 'preprocessor__text__tvec__ngram_range': (1, 2), 'xgboost__colsample_bytree': 1, 'xgboost__learning_rate': 0.23826184996622493, 'xgboost__max_depth': 5, 'xgboost__min_child_weight': 0, 'xgboost__min_split_loss': 0.05, 'xgboost__objective': 'reg:tweedie', 'xgboost__reg_alpha': 4, 'xgboost__reg_lambda': 10, 'xgboost__subsample': 0.7017414331061985}",0.27877074002756064,0.364218944443528,0.26802784564908777,0.3161708756854371,0.3067971014514034,0.03766187669954887,89
8.521213948726654,0.09051679666126261,0.9324952960014343,0.06163631046243534,7500,"(1, 3)",1,0.30973662898977805,2,1,0.1,reg:squarederror,6,5,0.8086318560486461,"{'preprocessor__text__tvec__max_features': 7500, 'preprocessor__text__tvec__ngram_range': (1, 3), 'xgboost__colsample_bytree': 1, 'xgboost__learning_rate': 0.30973662898977805, 'xgboost__max_depth': 2, 'xgboost__min_child_weight': 1, 'xgboost__min_split_loss': 0.1, 'xgboost__objective': 'reg:squarederror', 'xgboost__reg_alpha': 6, 'xgboost__reg_lambda': 5, 'xgboost__subsample': 0.8086318560486461}",0.3405311947350723,0.2897788055025483,0.43307526091696713,0.3896766559180789,0.36326547926816666,0.05359126510041581,26
7.23533833026886,0.04247092236243686,0.646308422088623,0.013368752347737012,5000,"(1, 2)",0.9,0.25849939731292576,3,2,0.1,reg:squarederror,1,3,0.7737231534495558,"{'preprocessor__text__tvec__max_features': 5000, 'preprocessor__text__tvec__ngram_range': (1, 2), 'xgboost__colsample_bytree': 0.9, 'xgboost__learning_rate': 0.25849939731292576, 'xgboost__max_depth': 3, 'xgboost__min_child_weight': 2, 'xgboost__min_split_loss': 0.1, 'xgboost__objective': 'reg:squarederror', 'xgboost__reg_alpha': 1, 'xgboost__reg_lambda': 3, 'xgboost__subsample': 0.7737231534495558}",0.3438761260101306,0.29045253881211286,0.4720243816858314,0.3374507012975215,0.3609509369513991,0.06736309173027567,30
8.651336789131165,0.10164455344186736,0.8191372752189636,0.02605099573090265,2500,"(1, 3)",0.9,0.2680754311692404,4,0,0,reg:squarederror,3,9,0.9632938125807472,"{'preprocessor__text__tvec__max_features': 2500, 'preprocessor__text__tvec__ngram_range': (1, 3), 'xgboost__colsample_bytree': 0.9, 'xgboost__learning_rate': 0.2680754311692404, 'xgboost__max_depth': 4, 'xgboost__min_child_weight': 0, 'xgboost__min_split_loss': 0, 'xgboost__objective': 'reg:squarederror', 'xgboost__reg_alpha': 3, 'xgboost__reg_lambda': 9, 'xgboost__subsample': 0.9632938125807472}",0.34813143787303336,0.35453112757326,0.5069675237360852,0.331337097625387,0.38524179670194136,0.07078699233486763,8
4.6006680727005005,0.046876567909447005,0.4320526123046875,0.009345307819599928,5000,"(1, 1)",0.8,0.39166542938076954,2,1,0,reg:tweedie,10,10,0.6200728093890966,"{'preprocessor__text__tvec__max_features': 5000, 'preprocessor__text__tvec__ngram_range': (1, 1), 'xgboost__colsample_bytree': 0.8, 'xgboost__learning_rate': 0.39166542938076954, 'xgboost__max_depth': 2, 'xgboost__min_child_weight': 1, 'xgboost__min_split_loss': 0, 'xgboost__objective': 'reg:tweedie', 'xgboost__reg_alpha': 10, 'xgboost__reg_lambda': 10, 'xgboost__subsample': 0.6200728093890966}",0.2834246303806712,0.31551902939352927,0.3064237066418629,0.2616509538247317,0.2917545800601988,0.020949634250825723,96
11.270865082740784,0.14148328214456307,0.934772789478302,0.05279282443848092,7500,"(1, 3)",0.8,0.22133514429924728,5,2,0.05,reg:tweedie,7,3,0.5909400421995724,"{'preprocessor__text__tvec__max_features': 7500, 'preprocessor__text__tvec__ngram_range': (1, 3), 'xgboost__colsample_bytree': 0.8, 'xgboost__learning_rate': 0.22133514429924728, 'xgboost__max_depth': 5, 'xgboost__min_child_weight': 2, 'xgboost__min_split_loss': 0.05, 'xgboost__objective': 'reg:tweedie', 'xgboost__reg_alpha': 7, 'xgboost__reg_lambda': 3, 'xgboost__subsample': 0.5909400421995724}",0.3196638708849854,0.36004627881037254,0.4648767276480258,0.30711765215454556,0.3629261323744823,0.062025049711437685,28
10.153900861740112,0.03974406156896624,0.831989586353302,0.043885621555623686,2500,"(1, 3)",1,0.2368568315975822,5,1,0,reg:tweedie,2,2,0.9108953184222246,"{'preprocessor__text__tvec__max_features': 2500, 'preprocessor__text__tvec__ngram_range': (1, 3), 'xgboost__colsample_bytree': 1, 'xgboost__learning_rate': 0.2368568315975822, 'xgboost__max_depth': 5, 'xgboost__min_child_weight': 1, 'xgboost__min_split_loss': 0, 'xgboost__objective': 'reg:tweedie', 'xgboost__reg_alpha': 2, 'xgboost__reg_lambda': 2, 'xgboost__subsample': 0.9108953184222246}",0.29870946618311467,0.3263178905588694,0.513779976518282,0.3002910562926564,0.3597745973882306,0.08958829435705257,32
6.574998259544373,0.07244293022408048,0.6755703091621399,0.031466266141958105,5000,"(1, 2)",0.8,0.10816486624813104,3,0,0,reg:squarederror,9,1,0.5643741991498219,"{'preprocessor__text__tvec__max_features': 5000, 'preprocessor__text__tvec__ngram_range': (1, 2), 'xgboost__colsample_bytree': 0.8, 'xgboost__learning_rate': 0.10816486624813104, 'xgboost__max_depth': 3, 'xgboost__min_child_weight': 0, 'xgboost__min_split_loss': 0, 'xgboost__objective': 'reg:squarederror', 'xgboost__reg_alpha': 9, 'xgboost__reg_lambda': 1, 'xgboost__subsample': 0.5643741991498219}",0.34697266885097766,0.2767571673829504,0.3879208682708596,0.2848058425594633,0.32411413676606277,0.04577563767165876,73
5.015246391296387,0.05355334177502669,0.440229594707489,0.023352549864561437,5000,"(1, 1)",1,0.1100928313055023,2,0,0.05,reg:squarederror,7,10,0.9604362002659066,"{'preprocessor__text__tvec__max_features': 5000, 'preprocessor__text__tvec__ngram_range': (1, 1), 'xgboost__colsample_bytree': 1, 'xgboost__learning_rate': 0.1100928313055023, 'xgboost__max_depth': 2, 'xgboost__min_child_weight': 0, 'xgboost__min_split_loss': 0.05, 'xgboost__objective': 'reg:squarederror', 'xgboost__reg_alpha': 7, 'xgboost__reg_lambda': 10, 'xgboost__subsample': 0.9604362002659066}",0.30679427789906055,0.3588028256798892,0.45948939362191465,0.2979465436934077,0.35575826022356805,0.0642438392924989,39
6.529244601726532,0.09288085226121508,0.4199579954147339,0.012910199147203939,2500,"(1, 1)",0.9,0.34863874372398396,5,0,0.1,reg:squarederror,3,7,0.7422614925955107,"{'preprocessor__text__tvec__max_features': 2500, 'preprocessor__text__tvec__ngram_range': (1, 1), 'xgboost__colsample_bytree': 0.9, 'xgboost__learning_rate': 0.34863874372398396, 'xgboost__max_depth': 5, 'xgboost__min_child_weight': 0, 'xgboost__min_split_loss': 0.1, 'xgboost__objective': 'reg:squarederror', 'xgboost__reg_alpha': 3, 'xgboost__reg_lambda': 7, 'xgboost__subsample': 0.7422614925955107}",0.3321455976529927,0.38990696981687845,0.5041050402281517,0.2790709013193682,0.37630712725434773,0.08354996500447404,18
7.50245076417923,0.060182457132906715,0.8343655467033386,0.013755014922224841,5000,"(1, 3)",0.9,0.22200833815481294,2,1,0.05,reg:squarederror,7,2,0.8566747929422762,"{'preprocessor__text__tvec__max_features': 5000, 'preprocessor__text__tvec__ngram_range': (1, 3), 'xgboost__colsample_bytree': 0.9, 'xgboost__learning_rate': 0.22200833815481294, 'xgboost__max_depth': 2, 'xgboost__min_child_weight': 1, 'xgboost__min_split_loss': 0.05, 'xgboost__objective': 'reg:squarederror', 'xgboost__reg_alpha': 7, 'xgboost__reg_lambda': 2, 'xgboost__subsample': 0.8566747929422762}",0.3578402040391928,0.21853241769992304,0.41082951109947086,0.3362289732192365,0.3308577765144558,0.07030178823209043,68
12.345188975334167,0.01951257244100942,0.9244937896728516,0.07061434618571255,7500,"(1, 3)",0.9,0.30793091905197967,5,4,0.05,reg:tweedie,5,2,0.6985819162520412,"{'preprocessor__text__tvec__max_features': 7500, 'preprocessor__text__tvec__ngram_range': (1, 3), 'xgboost__colsample_bytree': 0.9, 'xgboost__learning_rate': 0.30793091905197967, 'xgboost__max_depth': 5, 'xgboost__min_child_weight': 4, 'xgboost__min_split_loss': 0.05, 'xgboost__objective': 'reg:tweedie', 'xgboost__reg_alpha': 5, 'xgboost__reg_lambda': 2, 'xgboost__subsample': 0.6985819162520412}",0.2817653776983041,0.3332337526672372,0.4257649799880303,0.3268220482970563,0.341896539662657,0.05232579691283623,60
7.819111883640289,0.09879870649041948,0.8480566143989563,0.03711288391716916,2500,"(1, 3)",0.8,0.14698129071396107,4,0,0,reg:squarederror,5,9,0.7676677820077618,"{'preprocessor__text__tvec__max_features': 2500, 'preprocessor__text__tvec__ngram_range': (1, 3), 'xgboost__colsample_bytree': 0.8, 'xgboost__learning_rate': 0.14698129071396107, 'xgboost__max_depth': 4, 'xgboost__min_child_weight': 0, 'xgboost__min_split_loss': 0, 'xgboost__objective': 'reg:squarederror', 'xgboost__reg_alpha': 5, 'xgboost__reg_lambda': 9, 'xgboost__subsample': 0.7676677820077618}",0.3343625429076983,0.2825946713609435,0.5097951064482739,0.3313622937330637,0.36452865361249487,0.0863503350164218,25
5.948829650878906,0.031370997255171076,0.42084383964538574,0.00891776992601891,2500,"(1, 1)",0.8,0.25958498119891416,5,1,0.1,reg:squarederror,1,3,0.768553270909274,"{'preprocessor__text__tvec__max_features': 2500, 'preprocessor__text__tvec__ngram_range': (1, 1), 'xgboost__colsample_bytree': 0.8, 'xgboost__learning_rate': 0.25958498119891416, 'xgboost__max_depth': 5, 'xgboost__min_child_weight': 1, 'xgboost__min_split_loss': 0.1, 'xgboost__objective': 'reg:squarederror', 'xgboost__reg_alpha': 1, 'xgboost__reg_lambda': 3, 'xgboost__subsample': 0.768553270909274}",0.355128532477341,0.3541062212725016,0.5204995287017167,0.28524823015154976,0.3787456281507772,0.08660369410913288,15
8.52963262796402,0.07413087970439963,0.8302947282791138,0.0068550401842911,5000,"(1, 3)",0.8,0.251034078661165,3,0,0,reg:tweedie,3,9,0.8037776111467865,"{'preprocessor__text__tvec__max_features': 5000, 'preprocessor__text__tvec__ngram_range': (1, 3), 'xgboost__colsample_bytree': 0.8, 'xgboost__learning_rate': 0.251034078661165, 'xgboost__max_depth': 3, 'xgboost__min_child_weight': 0, 'xgboost__min_split_loss': 0, 'xgboost__objective': 'reg:tweedie', 'xgboost__reg_alpha': 3, 'xgboost__reg_lambda': 9, 'xgboost__subsample': 0.8037776111467865}",0.3120519261939205,0.37298219064404947,0.2698106967137711,0.3207743458743003,0.3189047898565104,0.0366914575804975,81
8.140231132507324,0.043485464594264174,0.8793825507164001,0.05255838812683339,7500,"(1, 3)",0.8,0.18595808191147756,2,0,0,reg:tweedie,4,5,0.6826784098370289,"{'preprocessor__text__tvec__max_features': 7500, 'preprocessor__text__tvec__ngram_range': (1, 3), 'xgboost__colsample_bytree': 0.8, 'xgboost__learning_rate': 0.18595808191147756, 'xgboost__max_depth': 2, 'xgboost__min_child_weight': 0, 'xgboost__min_split_loss': 0, 'xgboost__objective': 'reg:tweedie', 'xgboost__reg_alpha': 4, 'xgboost__reg_lambda': 5, 'xgboost__subsample': 0.6826784098370289}",0.2774693794107429,0.34704591645188065,0.35225627319337627,0.3161340369639971,0.32322640150499926,0.02980817609425755,75
10.143555879592896,0.11447342334330261,0.8508632779121399,0.041686223800943174,5000,"(1, 3)",0.9,0.17392158217908,4,0,0.1,reg:squarederror,2,7,0.8484807311832108,"{'preprocessor__text__tvec__max_features': 5000, 'preprocessor__text__tvec__ngram_range': (1, 3), 'xgboost__colsample_bytree': 0.9, 'xgboost__learning_rate': 0.17392158217908, 'xgboost__max_depth': 4, 'xgboost__min_child_weight': 0, 'xgboost__min_split_loss': 0.1, 'xgboost__objective': 'reg:squarederror', 'xgboost__reg_alpha': 2, 'xgboost__reg_lambda': 7, 'xgboost__subsample': 0.8484807311832108}",0.37141737731153646,0.31085301664859966,0.47781717589862216,0.35908606695310785,0.37979340920296656,0.06095159656656576,14
9.798750877380371,0.08221894615468611,0.676565408706665,0.044276785223963014,7500,"(1, 2)",0.9,0.25440602551630037,4,3,0.1,reg:tweedie,5,0,0.7453743896293923,"{'preprocessor__text__tvec__max_features': 7500, 'preprocessor__text__tvec__ngram_range': (1, 2), 'xgboost__colsample_bytree': 0.9, 'xgboost__learning_rate': 0.25440602551630037, 'xgboost__max_depth': 4, 'xgboost__min_child_weight': 3, 'xgboost__min_split_loss': 0.1, 'xgboost__objective': 'reg:tweedie', 'xgboost__reg_alpha': 5, 'xgboost__reg_lambda': 0, 'xgboost__subsample': 0.7453743896293923}",0.3061403816058187,0.33788016536560095,0.4358175031398205,0.3023024893434675,0.34553513486367693,0.05392242762174498,52
10.290505230426788,0.09274150856967178,0.8905234932899475,0.044303622992267616,5000,"(1, 3)",0.9,0.37146636996976057,4,2,0.05,reg:squarederror,4,5,0.9839970332521171,"{'preprocessor__text__tvec__max_features': 5000, 'preprocessor__text__tvec__ngram_range': (1, 3), 'xgboost__colsample_bytree': 0.9, 'xgboost__learning_rate': 0.37146636996976057, 'xgboost__max_depth': 4, 'xgboost__min_child_weight': 2, 'xgboost__min_split_loss': 0.05, 'xgboost__objective': 'reg:squarederror', 'xgboost__reg_alpha': 4, 'xgboost__reg_lambda': 5, 'xgboost__subsample': 0.9839970332521171}",0.32564608497793135,0.3116039443420169,0.47061467593294604,0.38136211723350155,0.37230670562159895,0.0624669837834673,21
5.39952552318573,0.03144965968162833,0.4524105191230774,0.009538685681836544,7500,"(1, 1)",0.8,0.241029912033968,2,1,0.05,reg:tweedie,5,4,0.7530519781796735,"{'preprocessor__text__tvec__max_features': 7500, 'preprocessor__text__tvec__ngram_range': (1, 1), 'xgboost__colsample_bytree': 0.8, 'xgboost__learning_rate': 0.241029912033968, 'xgboost__max_depth': 2, 'xgboost__min_child_weight': 1, 'xgboost__min_split_loss': 0.05, 'xgboost__objective': 'reg:tweedie', 'xgboost__reg_alpha': 5, 'xgboost__reg_lambda': 4, 'xgboost__subsample': 0.7530519781796735}",0.27185529519534246,0.3459591328014947,0.43392529447565054,0.2964778803246022,0.33705440069927245,0.06196902790724431,64
7.1151294112205505,0.02669911999613259,0.44865095615386963,0.020114946123753606,7500,"(1, 1)",1,0.2596709310627966,3,1,0.05,reg:squarederror,6,9,0.9949801161949726,"{'preprocessor__text__tvec__max_features': 7500, 'preprocessor__text__tvec__ngram_range': (1, 1), 'xgboost__colsample_bytree': 1, 'xgboost__learning_rate': 0.2596709310627966, 'xgboost__max_depth': 3, 'xgboost__min_child_weight': 1, 'xgboost__min_split_loss': 0.05, 'xgboost__objective': 'reg:squarederror', 'xgboost__reg_alpha': 6, 'xgboost__reg_lambda': 9, 'xgboost__subsample': 0.9949801161949726}",0.3132408445325692,0.3864080727986384,0.48538890265693135,0.34151983810327635,0.3816394145228539,0.06533498522735826,11
4.925543189048767,0.0457662266078229,0.632211446762085,0.038106896951315014,2500,"(1, 2)",0.8,0.13571877048597086,2,0,0,reg:squarederror,7,5,0.7059204570736343,"{'preprocessor__text__tvec__max_features': 2500, 'preprocessor__text__tvec__ngram_range': (1, 2), 'xgboost__colsample_bytree': 0.8, 'xgboost__learning_rate': 0.13571877048597086, 'xgboost__max_depth': 2, 'xgboost__min_child_weight': 0, 'xgboost__min_split_loss': 0, 'xgboost__objective': 'reg:squarederror', 'xgboost__reg_alpha': 7, 'xgboost__reg_lambda': 5, 'xgboost__subsample': 0.7059204570736343}",0.3230637210100279,0.26434202946073626,0.4649174541184016,0.31812723513098484,0.3426126099300376,0.07427390409154203,58
11.214044153690338,0.03147664532611798,0.8858396410942078,0.05778664960346602,5000,"(1, 3)",0.8,0.34233396774124025,5,3,0.05,reg:tweedie,4,7,0.9954647382286953,"{'preprocessor__text__tvec__max_features': 5000, 'preprocessor__text__tvec__ngram_range': (1, 3), 'xgboost__colsample_bytree': 0.8, 'xgboost__learning_rate': 0.34233396774124025, 'xgboost__max_depth': 5, 'xgboost__min_child_weight': 3, 'xgboost__min_split_loss': 0.05, 'xgboost__objective': 'reg:tweedie', 'xgboost__reg_alpha': 4, 'xgboost__reg_lambda': 7, 'xgboost__subsample': 0.9954647382286953}",0.3225196543932961,0.3479630346245569,0.45700809019431543,0.2728497521449431,0.3500851328392779,0.06738356947976043,49
12.119214594364166,0.06386338206018602,0.864468514919281,0.0639010946028443,5000,"(1, 3)",1,0.3703370194838078,5,3,0,reg:tweedie,10,8,0.8752509623826568,"{'preprocessor__text__tvec__max_features': 5000, 'preprocessor__text__tvec__ngram_range': (1, 3), 'xgboost__colsample_bytree': 1, 'xgboost__learning_rate': 0.3703370194838078, 'xgboost__max_depth': 5, 'xgboost__min_child_weight': 3, 'xgboost__min_split_loss': 0, 'xgboost__objective': 'reg:tweedie', 'xgboost__reg_alpha': 10, 'xgboost__reg_lambda': 8, 'xgboost__subsample': 0.8752509623826568}",0.3026474574117478,0.3297390180870209,0.50057606072808,0.26357331082589774,0.3491339617631866,0.09054348852170865,50
10.146118581295013,0.25568341435537,0.8645215034484863,0.049738156863900054,5000,"(1, 3)",0.8,0.14805248018956924,4,2,0.05,reg:tweedie,3,8,0.9386002704065541,"{'preprocessor__text__tvec__max_features': 5000, 'preprocessor__text__tvec__ngram_range': (1, 3), 'xgboost__colsample_bytree': 0.8, 'xgboost__learning_rate': 0.14805248018956924, 'xgboost__max_depth': 4, 'xgboost__min_child_weight': 2, 'xgboost__min_split_loss': 0.05, 'xgboost__objective': 'reg:tweedie', 'xgboost__reg_alpha': 3, 'xgboost__reg_lambda': 8, 'xgboost__subsample': 0.9386002704065541}",0.3002302408176306,0.35848141755093077,0.4544143474191249,0.318247984109839,0.35784349747438127,0.05961004114717696,35
8.376432657241821,0.10288989398512009,0.6396439075469971,0.032890406924259534,2500,"(1, 2)",1,0.29638796844542614,5,2,0,reg:tweedie,0,6,0.7193723376941695,"{'preprocessor__text__tvec__max_features': 2500, 'preprocessor__text__tvec__ngram_range': (1, 2), 'xgboost__colsample_bytree': 1, 'xgboost__learning_rate': 0.29638796844542614, 'xgboost__max_depth': 5, 'xgboost__min_child_weight': 2, 'xgboost__min_split_loss': 0, 'xgboost__objective': 'reg:tweedie', 'xgboost__reg_alpha': 0, 'xgboost__reg_lambda': 6, 'xgboost__subsample': 0.7193723376941695}",0.2960464300630772,0.3412928624078211,0.4394601796821592,0.28517260201007366,0.34049301854078273,0.06089126876456196,62
5.298104107379913,0.06556335877495766,0.4141247868537903,0.01125429363637633,2500,"(1, 1)",0.8,0.36013948920843675,4,1,0.05,reg:squarederror,7,7,0.812118997956996,"{'preprocessor__text__tvec__max_features': 2500, 'preprocessor__text__tvec__ngram_range': (1, 1), 'xgboost__colsample_bytree': 0.8, 'xgboost__learning_rate': 0.36013948920843675, 'xgboost__max_depth': 4, 'xgboost__min_child_weight': 1, 'xgboost__min_split_loss': 0.05, 'xgboost__objective': 'reg:squarederror', 'xgboost__reg_alpha': 7, 'xgboost__reg_lambda': 7, 'xgboost__subsample': 0.812118997956996}",0.3480518337942159,0.334813656158911,0.5045608180544544,0.33646405387104694,0.38097259046965704,0.07153580093996441,12
9.796180188655853,0.04591365922877729,0.6492441296577454,0.011939009136975822,7500,"(1, 2)",0.9,0.18661815451979624,4,1,0.1,reg:squarederror,0,3,0.8707304555695228,"{'preprocessor__text__tvec__max_features': 7500, 'preprocessor__text__tvec__ngram_range': (1, 2), 'xgboost__colsample_bytree': 0.9, 'xgboost__learning_rate': 0.18661815451979624, 'xgboost__max_depth': 4, 'xgboost__min_child_weight': 1, 'xgboost__min_split_loss': 0.1, 'xgboost__objective': 'reg:squarederror', 'xgboost__reg_alpha': 0, 'xgboost__reg_lambda': 3, 'xgboost__subsample': 0.8707304555695228}",0.34986654789949145,0.37255066581393614,0.4750996657399782,0.3416611144613354,0.3847944984786853,0.053351160298683406,9
5.378072082996368,0.03025152370341653,0.4546341896057129,0.02634055141531833,7500,"(1, 1)",0.9,0.3088414549788708,2,4,0.1,reg:squarederror,0,3,0.7849448424356582,"{'preprocessor__text__tvec__max_features': 7500, 'preprocessor__text__tvec__ngram_range': (1, 1), 'xgboost__colsample_bytree': 0.9, 'xgboost__learning_rate': 0.3088414549788708, 'xgboost__max_depth': 2, 'xgboost__min_child_weight': 4, 'xgboost__min_split_loss': 0.1, 'xgboost__objective': 'reg:squarederror', 'xgboost__reg_alpha': 0, 'xgboost__reg_lambda': 3, 'xgboost__subsample': 0.7849448424356582}",0.3319857143131414,0.31500582251468845,0.47171969802457925,0.34216770449924705,0.36521973483791403,0.062248645311648074,24
5.798441469669342,0.048300834280022645,0.4491540193557739,0.02051373513941725,5000,"(1, 1)",1,0.3095721429549835,3,4,0.1,reg:squarederror,3,7,0.8019789360362563,"{'preprocessor__text__tvec__max_features': 5000, 'preprocessor__text__tvec__ngram_range': (1, 1), 'xgboost__colsample_bytree': 1, 'xgboost__learning_rate': 0.3095721429549835, 'xgboost__max_depth': 3, 'xgboost__min_child_weight': 4, 'xgboost__min_split_loss': 0.1, 'xgboost__objective': 'reg:squarederror', 'xgboost__reg_alpha': 3, 'xgboost__reg_lambda': 7, 'xgboost__subsample': 0.8019789360362563}",0.33599833394309686,0.3638987110961863,0.5059909327737793,0.35539455770638384,0.3903206338798616,0.06754346585179456,4
8.622232139110565,0.029300007131051433,0.4477349519729614,0.01222390394650335,7500,"(1, 1)",0.8,0.22868118874807972,5,3,0,reg:tweedie,10,2,0.84697422223355,"{'preprocessor__text__tvec__max_features': 7500, 'preprocessor__text__tvec__ngram_range': (1, 1), 'xgboost__colsample_bytree': 0.8, 'xgboost__learning_rate': 0.22868118874807972, 'xgboost__max_depth': 5, 'xgboost__min_child_weight': 3, 'xgboost__min_split_loss': 0, 'xgboost__objective': 'reg:tweedie', 'xgboost__reg_alpha': 10, 'xgboost__reg_lambda': 2, 'xgboost__subsample': 0.84697422223355}",0.31575243575484524,0.38036464573420337,0.49523473191072187,0.33163286526700664,0.3807461696666943,0.07025681205775754,13
10.268096506595612,0.11176186032231072,0.8838896155357361,0.05769120813729058,5000,"(1, 3)",1,0.19007086654575045,4,1,0.05,reg:tweedie,7,6,0.7310029018220663,"{'preprocessor__text__tvec__max_features': 5000, 'preprocessor__text__tvec__ngram_range': (1, 3), 'xgboost__colsample_bytree': 1, 'xgboost__learning_rate': 0.19007086654575045, 'xgboost__max_depth': 4, 'xgboost__min_child_weight': 1, 'xgboost__min_split_loss': 0.05, 'xgboost__objective': 'reg:tweedie', 'xgboost__reg_alpha': 7, 'xgboost__reg_lambda': 6, 'xgboost__subsample': 0.7310029018220663}",0.284782190416241,0.3867293740373958,0.46588907753100217,0.2960205085047233,0.3583552876223406,0.07359896410981188,33
9.029009103775024,0.06279702130438072,0.850811779499054,0.05833496469051953,5000,"(1, 3)",0.9,0.257412029533833,3,1,0,reg:squarederror,7,10,0.9660591412418063,"{'preprocessor__text__tvec__max_features': 5000, 'preprocessor__text__tvec__ngram_range': (1, 3), 'xgboost__colsample_bytree': 0.9, 'xgboost__learning_rate': 0.257412029533833, 'xgboost__max_depth': 3, 'xgboost__min_child_weight': 1, 'xgboost__min_split_loss': 0, 'xgboost__objective': 'reg:squarederror', 'xgboost__reg_alpha': 7, 'xgboost__reg_lambda': 10, 'xgboost__subsample': 0.9660591412418063}",0.35917573893074195,0.2968410330242658,0.4941344706094114,0.3846557077512226,0.38370173757891046,0.0713137525115156,10
