mean_fit_time,std_fit_time,mean_score_time,std_score_time,param_preprocessor__text__tvec__max_features,param_preprocessor__text__tvec__ngram_range,param_rf__bootstrap,param_rf__max_depth,param_rf__max_features,param_rf__max_samples,param_rf__min_samples_leaf,param_rf__min_samples_split,param_rf__n_estimators,params,split0_test_score,split1_test_score,split2_test_score,split3_test_score,mean_test_score,std_test_score,rank_test_score
18.147600531578064,0.48919611671252605,0.4171926975250244,0.005820677539628705,2500,"(1, 1)",False,2,auto,0.9,4,5,200,"{'preprocessor__text__tvec__max_features': 2500, 'preprocessor__text__tvec__ngram_range': (1, 1), 'rf__bootstrap': False, 'rf__max_depth': 2, 'rf__max_features': 'auto', 'rf__max_samples': 0.9, 'rf__min_samples_leaf': 4, 'rf__min_samples_split': 5, 'rf__n_estimators': 200}",0.2259647078493251,-0.013587258630556764,0.29299781790958235,0.10763974386761066,0.15325375274899034,0.11697419333296494,66
39.409955620765686,0.5566714715133776,1.0509122014045715,0.043066575991142275,5000,"(1, 3)",False,3,auto,0.8,3,2,200,"{'preprocessor__text__tvec__max_features': 5000, 'preprocessor__text__tvec__ngram_range': (1, 3), 'rf__bootstrap': False, 'rf__max_depth': 3, 'rf__max_features': 'auto', 'rf__max_samples': 0.8, 'rf__min_samples_leaf': 3, 'rf__min_samples_split': 2, 'rf__n_estimators': 200}",0.2793038633927343,-0.47851177045215687,0.3467247933572877,0.06577243563107249,0.05332233048223439,0.3240968892448043,71
18.038885235786438,0.10889278747572562,0.4227515459060669,0.008732557486338237,7500,"(1, 1)",True,5,auto,0.9,3,5,100,"{'preprocessor__text__tvec__max_features': 7500, 'preprocessor__text__tvec__ngram_range': (1, 1), 'rf__bootstrap': True, 'rf__max_depth': 5, 'rf__max_features': 'auto', 'rf__max_samples': 0.9, 'rf__min_samples_leaf': 3, 'rf__min_samples_split': 5, 'rf__n_estimators': 100}",0.29418224745203825,0.2625534098289113,0.4523248206490651,0.2645365016183525,0.31839924488709176,0.07833019088085555,3
37.64865481853485,0.3010499360612689,1.057520568370819,0.0178050309732579,7500,"(1, 3)",True,4,auto,0.9,2,2,200,"{'preprocessor__text__tvec__max_features': 7500, 'preprocessor__text__tvec__ngram_range': (1, 3), 'rf__bootstrap': True, 'rf__max_depth': 4, 'rf__max_features': 'auto', 'rf__max_samples': 0.9, 'rf__min_samples_leaf': 2, 'rf__min_samples_split': 2, 'rf__n_estimators': 200}",0.2773928980042132,0.23875334469657106,0.3826682948304443,0.2644522492125938,0.29081669668595556,0.05482378854952199,9
3.173287808895111,0.05192469205865668,0.7499392032623291,0.004963559597942418,7500,"(1, 2)",False,4,sqrt,0.8,2,4,150,"{'preprocessor__text__tvec__max_features': 7500, 'preprocessor__text__tvec__ngram_range': (1, 2), 'rf__bootstrap': False, 'rf__max_depth': 4, 'rf__max_features': 'sqrt', 'rf__max_samples': 0.8, 'rf__min_samples_leaf': 2, 'rf__min_samples_split': 4, 'rf__n_estimators': 150}",0.23947039636799916,0.18492625961283604,0.2926014570822171,0.20516107902727265,0.23053979802258123,0.040792399341488234,37
4.084033787250519,0.04943271054023938,0.9449476599693298,0.014823235157424166,2500,"(1, 3)",True,4,auto,1,4,4,200,"{'preprocessor__text__tvec__max_features': 2500, 'preprocessor__text__tvec__ngram_range': (1, 3), 'rf__bootstrap': True, 'rf__max_depth': 4, 'rf__max_features': 'auto', 'rf__max_samples': 1, 'rf__min_samples_leaf': 4, 'rf__min_samples_split': 4, 'rf__n_estimators': 200}",-0.00013929903741893845,-0.003946440421867647,-0.0056189286756027634,-0.013487873422324936,-0.005798135389303571,0.004863522107808528,86
18.183113157749176,0.09285856956584518,0.41011112928390503,0.00662803123617778,2500,"(1, 1)",False,2,auto,0.9,4,3,200,"{'preprocessor__text__tvec__max_features': 2500, 'preprocessor__text__tvec__ngram_range': (1, 1), 'rf__bootstrap': False, 'rf__max_depth': 2, 'rf__max_features': 'auto', 'rf__max_samples': 0.9, 'rf__min_samples_leaf': 4, 'rf__min_samples_split': 3, 'rf__n_estimators': 200}",0.2259647078493251,-0.013587258630556764,0.29299781790958235,0.10763974386761066,0.15325375274899034,0.11697419333296494,66
2.7967191338539124,0.03826812998819756,0.7098295092582703,0.01566988117954756,2500,"(1, 2)",True,5,auto,1,2,4,200,"{'preprocessor__text__tvec__max_features': 2500, 'preprocessor__text__tvec__ngram_range': (1, 2), 'rf__bootstrap': True, 'rf__max_depth': 5, 'rf__max_features': 'auto', 'rf__max_samples': 1, 'rf__min_samples_leaf': 2, 'rf__min_samples_split': 4, 'rf__n_estimators': 200}",-0.00015632087483408164,-0.0018611303754936248,-0.002592805872601245,-0.005661525373781062,-0.0025679456241775034,0.0019928858112374806,78
2.535224437713623,0.026003089803311494,0.6460200548171997,0.018127250076854853,2500,"(1, 2)",True,4,sqrt,1,4,4,100,"{'preprocessor__text__tvec__max_features': 2500, 'preprocessor__text__tvec__ngram_range': (1, 2), 'rf__bootstrap': True, 'rf__max_depth': 4, 'rf__max_features': 'sqrt', 'rf__max_samples': 1, 'rf__min_samples_leaf': 4, 'rf__min_samples_split': 4, 'rf__n_estimators': 100}",-0.00019310728910038044,-0.029104807490644147,-0.013219350829871024,-0.00028254581299491655,-0.010699952855652617,0.011874365388721388,88
3.903313636779785,0.07668875717585544,0.9726576209068298,0.033863394648274925,7500,"(1, 3)",True,3,auto,1,4,4,100,"{'preprocessor__text__tvec__max_features': 7500, 'preprocessor__text__tvec__ngram_range': (1, 3), 'rf__bootstrap': True, 'rf__max_depth': 3, 'rf__max_features': 'auto', 'rf__max_samples': 1, 'rf__min_samples_leaf': 4, 'rf__min_samples_split': 4, 'rf__n_estimators': 100}",-0.0057489359562514775,-0.001201767406044718,-3.557052903269131e-05,-0.007706918897965265,-0.003673298197323538,0.003159109649245374,79
21.570897042751312,0.3004643025600985,0.6675745844841003,0.056013270653267,2500,"(1, 2)",False,4,auto,0.9,4,2,100,"{'preprocessor__text__tvec__max_features': 2500, 'preprocessor__text__tvec__ngram_range': (1, 2), 'rf__bootstrap': False, 'rf__max_depth': 4, 'rf__max_features': 'auto', 'rf__max_samples': 0.9, 'rf__min_samples_leaf': 4, 'rf__min_samples_split': 2, 'rf__n_estimators': 100}",0.24732040883851936,0.14396980223286482,0.3434227502894188,0.11012783524827197,0.21121019915226874,0.0915464652404416,51
19.036611080169678,0.8475801625119783,0.38308656215667725,0.05100532669539333,2500,"(1, 1)",False,4,auto,0.9,2,4,100,"{'preprocessor__text__tvec__max_features': 2500, 'preprocessor__text__tvec__ngram_range': (1, 1), 'rf__bootstrap': False, 'rf__max_depth': 4, 'rf__max_features': 'auto', 'rf__max_samples': 0.9, 'rf__min_samples_leaf': 2, 'rf__min_samples_split': 4, 'rf__n_estimators': 100}",0.29958406104641033,-1.0009640207826629,0.3995423929485433,0.022841033584502624,-0.06974913330080165,0.5550620800252569,95
20.70781832933426,0.517090466380962,0.7487397193908691,0.01089030598946747,7500,"(1, 2)",False,2,auto,1,3,4,150,"{'preprocessor__text__tvec__max_features': 7500, 'preprocessor__text__tvec__ngram_range': (1, 2), 'rf__bootstrap': False, 'rf__max_depth': 2, 'rf__max_features': 'auto', 'rf__max_samples': 1, 'rf__min_samples_leaf': 3, 'rf__min_samples_split': 4, 'rf__n_estimators': 150}",0.21637896731276318,0.05620416505477044,0.2868345876219892,0.08228983923401667,0.16042688980588488,0.094970148034949,63
4.075271487236023,0.029510862926835833,1.0464973449707031,0.006675552223424949,5000,"(1, 3)",True,3,sqrt,1,3,5,200,"{'preprocessor__text__tvec__max_features': 5000, 'preprocessor__text__tvec__ngram_range': (1, 3), 'rf__bootstrap': True, 'rf__max_depth': 3, 'rf__max_features': 'sqrt', 'rf__max_samples': 1, 'rf__min_samples_leaf': 3, 'rf__min_samples_split': 5, 'rf__n_estimators': 200}",-0.0005422020162706431,-0.002478593855855804,-0.0002605148347403219,-0.004937207258860488,-0.002054629491431814,0.0018705136083809399,77
20.362495243549347,0.08797000538939083,0.9496460556983948,0.05627722787658695,7500,"(1, 3)",True,4,auto,0.9,4,5,100,"{'preprocessor__text__tvec__max_features': 7500, 'preprocessor__text__tvec__ngram_range': (1, 3), 'rf__bootstrap': True, 'rf__max_depth': 4, 'rf__max_features': 'auto', 'rf__max_samples': 0.9, 'rf__min_samples_leaf': 4, 'rf__min_samples_split': 5, 'rf__n_estimators': 100}",0.2931016697368357,0.2610988402030261,0.41102676960113904,0.27363334075247936,0.30971515507337005,0.059593402591038035,5
4.082138359546661,0.09127801001920442,0.9746626019477844,0.02987991092544405,7500,"(1, 3)",False,2,sqrt,0.8,3,2,100,"{'preprocessor__text__tvec__max_features': 7500, 'preprocessor__text__tvec__ngram_range': (1, 3), 'rf__bootstrap': False, 'rf__max_depth': 2, 'rf__max_features': 'sqrt', 'rf__max_samples': 0.8, 'rf__min_samples_leaf': 3, 'rf__min_samples_split': 2, 'rf__n_estimators': 100}",0.2051401482837255,0.16000971543017817,0.22822711125584705,0.15813429296824855,0.18787781698449982,0.029947295100005704,58
3.3483704924583435,0.013880656871207294,0.7742685675621033,0.012199877516579614,5000,"(1, 2)",True,5,sqrt,0.9,2,3,150,"{'preprocessor__text__tvec__max_features': 5000, 'preprocessor__text__tvec__ngram_range': (1, 2), 'rf__bootstrap': True, 'rf__max_depth': 5, 'rf__max_features': 'sqrt', 'rf__max_samples': 0.9, 'rf__min_samples_leaf': 2, 'rf__min_samples_split': 3, 'rf__n_estimators': 150}",0.2663141287726425,0.20000980397931778,0.3317035401829126,0.21966861073075783,0.2544240209164077,0.050700947488544174,24
1.2918975949287415,0.02120702278017493,0.3579980134963989,0.010906116521765827,2500,"(1, 1)",True,3,auto,1,2,4,100,"{'preprocessor__text__tvec__max_features': 2500, 'preprocessor__text__tvec__ngram_range': (1, 1), 'rf__bootstrap': True, 'rf__max_depth': 3, 'rf__max_features': 'auto', 'rf__max_samples': 1, 'rf__min_samples_leaf': 2, 'rf__min_samples_split': 4, 'rf__n_estimators': 100}",-0.016748694072788783,-5.330464566655202e-05,-0.0024305348959694495,-1.138185286997384e-05,-0.00481097886682369,0.006961450160134078,84
2.724768877029419,0.0772758815196615,0.7553658485412598,0.05092452139997721,5000,"(1, 2)",True,4,auto,1,3,5,100,"{'preprocessor__text__tvec__max_features': 5000, 'preprocessor__text__tvec__ngram_range': (1, 2), 'rf__bootstrap': True, 'rf__max_depth': 4, 'rf__max_features': 'auto', 'rf__max_samples': 1, 'rf__min_samples_leaf': 3, 'rf__min_samples_split': 5, 'rf__n_estimators': 100}",-0.0069564660218632834,-0.014338829429295874,-0.0002506054666202573,-0.02532351944563138,-0.011717355090852699,0.009302583617313308,89
4.540275752544403,0.06206149598832721,0.9734451174736023,0.025750912070842697,5000,"(1, 3)",False,4,sqrt,0.8,2,5,150,"{'preprocessor__text__tvec__max_features': 5000, 'preprocessor__text__tvec__ngram_range': (1, 3), 'rf__bootstrap': False, 'rf__max_depth': 4, 'rf__max_features': 'sqrt', 'rf__max_samples': 0.8, 'rf__min_samples_leaf': 2, 'rf__min_samples_split': 5, 'rf__n_estimators': 150}",0.2661863616461573,0.1847285302836562,0.3054779028984266,0.20340934609043848,0.23995053522966964,0.04839132885992881,31
3.915395736694336,0.13452752441974486,0.8356488347053528,0.046649527911277244,5000,"(1, 2)",False,5,sqrt,0.8,4,5,200,"{'preprocessor__text__tvec__max_features': 5000, 'preprocessor__text__tvec__ngram_range': (1, 2), 'rf__bootstrap': False, 'rf__max_depth': 5, 'rf__max_features': 'sqrt', 'rf__max_samples': 0.8, 'rf__min_samples_leaf': 4, 'rf__min_samples_split': 5, 'rf__n_estimators': 200}",0.2794891397046151,0.2052084718680688,0.33273548490915505,0.22515304677972514,0.260646535815391,0.049711736544104525,20
1.7762492895126343,0.02679929635907187,0.3512885570526123,0.0024697073214597445,2500,"(1, 1)",False,4,sqrt,1,3,4,100,"{'preprocessor__text__tvec__max_features': 2500, 'preprocessor__text__tvec__ngram_range': (1, 1), 'rf__bootstrap': False, 'rf__max_depth': 4, 'rf__max_features': 'sqrt', 'rf__max_samples': 1, 'rf__min_samples_leaf': 3, 'rf__min_samples_split': 4, 'rf__n_estimators': 100}",0.22773969124904803,0.2126775477535503,0.3002832246118098,0.20711304713512368,0.23695337768738295,0.03733404202500633,33
9.43604850769043,0.09101740544834155,0.3660193681716919,0.012231954512022357,2500,"(1, 1)",True,3,auto,0.9,3,3,100,"{'preprocessor__text__tvec__max_features': 2500, 'preprocessor__text__tvec__ngram_range': (1, 1), 'rf__bootstrap': True, 'rf__max_depth': 3, 'rf__max_features': 'auto', 'rf__max_samples': 0.9, 'rf__min_samples_leaf': 3, 'rf__min_samples_split': 3, 'rf__n_estimators': 100}",0.28308559134817524,0.21107999617386775,0.36604928282099947,0.2324213262807754,0.27315904915595446,0.05966678857297462,13
4.425161719322205,0.06302759695942013,1.0348001718521118,0.024102165971609565,7500,"(1, 3)",False,3,sqrt,0.8,3,4,150,"{'preprocessor__text__tvec__max_features': 7500, 'preprocessor__text__tvec__ngram_range': (1, 3), 'rf__bootstrap': False, 'rf__max_depth': 3, 'rf__max_features': 'sqrt', 'rf__max_samples': 0.8, 'rf__min_samples_leaf': 3, 'rf__min_samples_split': 4, 'rf__n_estimators': 150}",0.24178879839306644,0.1626789914471678,0.260963441410314,0.18083077112402868,0.21156550059364423,0.040890459336190975,49
14.89896959066391,0.16118485263202423,0.9200192093849182,0.020268364616281943,5000,"(1, 3)",True,3,auto,0.9,4,2,100,"{'preprocessor__text__tvec__max_features': 5000, 'preprocessor__text__tvec__ngram_range': (1, 3), 'rf__bootstrap': True, 'rf__max_depth': 3, 'rf__max_features': 'auto', 'rf__max_samples': 0.9, 'rf__min_samples_leaf': 4, 'rf__min_samples_split': 2, 'rf__n_estimators': 100}",0.2824178971442409,0.23108780373434157,0.3730609835100931,0.2426373190277995,0.2823010008541188,0.05575255001276634,12
1.6912044286727905,0.0982239989655688,0.4155541658401489,0.04312216266164697,5000,"(1, 1)",False,5,sqrt,1,4,2,100,"{'preprocessor__text__tvec__max_features': 5000, 'preprocessor__text__tvec__ngram_range': (1, 1), 'rf__bootstrap': False, 'rf__max_depth': 5, 'rf__max_features': 'sqrt', 'rf__max_samples': 1, 'rf__min_samples_leaf': 4, 'rf__min_samples_split': 2, 'rf__n_estimators': 100}",0.23668941009354716,0.2458051483424072,0.3353967912003678,0.21268182157494497,0.2576432928028168,0.04649286846628219,22
22.404649019241333,0.3518340088064691,0.45755577087402344,0.05455617745741467,2500,"(1, 1)",True,4,auto,0.8,4,4,200,"{'preprocessor__text__tvec__max_features': 2500, 'preprocessor__text__tvec__ngram_range': (1, 1), 'rf__bootstrap': True, 'rf__max_depth': 4, 'rf__max_features': 'auto', 'rf__max_samples': 0.8, 'rf__min_samples_leaf': 4, 'rf__min_samples_split': 4, 'rf__n_estimators': 200}",0.30782374795945455,0.2367426604822649,0.42804465862389496,0.2526720846009122,0.30632078791663164,0.07506373753947367,6
16.493057191371918,0.08133976751513056,0.9530240893363953,0.030738432987047558,7500,"(1, 3)",False,2,auto,0.9,2,2,100,"{'preprocessor__text__tvec__max_features': 7500, 'preprocessor__text__tvec__ngram_range': (1, 3), 'rf__bootstrap': False, 'rf__max_depth': 2, 'rf__max_features': 'auto', 'rf__max_samples': 0.9, 'rf__min_samples_leaf': 2, 'rf__min_samples_split': 2, 'rf__n_estimators': 100}",0.21472526199920583,-0.7519097456496848,0.27273208074237976,0.08010605992158204,-0.0460865857466293,0.4134546767490675,91
13.909547090530396,0.2994971124358565,0.9941185712814331,0.08491877291815463,2500,"(1, 3)",False,2,auto,0.9,4,4,100,"{'preprocessor__text__tvec__max_features': 2500, 'preprocessor__text__tvec__ngram_range': (1, 3), 'rf__bootstrap': False, 'rf__max_depth': 2, 'rf__max_features': 'auto', 'rf__max_samples': 0.9, 'rf__min_samples_leaf': 4, 'rf__min_samples_split': 4, 'rf__n_estimators': 100}",0.22596470784932499,-0.0522613534063503,0.2953955977052054,0.10763974386761,0.14418467400394752,0.1317946233598852,70
1.5799168348312378,0.0676695993058344,0.44147825241088867,0.02317016902447923,5000,"(1, 1)",True,3,sqrt,1,4,2,150,"{'preprocessor__text__tvec__max_features': 5000, 'preprocessor__text__tvec__ngram_range': (1, 1), 'rf__bootstrap': True, 'rf__max_depth': 3, 'rf__max_features': 'sqrt', 'rf__max_samples': 1, 'rf__min_samples_leaf': 4, 'rf__min_samples_split': 2, 'rf__n_estimators': 150}",-0.0015845091051214233,-0.01915168954633195,-0.011442241730484914,-0.00784439803535264,-0.010005709604322732,0.006350205886328477,87
35.95277559757233,0.9849085004492055,0.6962370872497559,0.14138180884182422,5000,"(1, 2)",True,5,auto,0.8,4,3,200,"{'preprocessor__text__tvec__max_features': 5000, 'preprocessor__text__tvec__ngram_range': (1, 2), 'rf__bootstrap': True, 'rf__max_depth': 5, 'rf__max_features': 'auto', 'rf__max_samples': 0.8, 'rf__min_samples_leaf': 4, 'rf__min_samples_split': 3, 'rf__n_estimators': 200}",0.32415532073926756,0.2806957378148631,0.4315846111146948,0.27555885591466767,0.32799863139587326,0.06271427274705278,1
25.42648583650589,0.5252153561968311,0.40601205825805664,0.004695638744114745,5000,"(1, 1)",False,5,auto,0.8,4,3,100,"{'preprocessor__text__tvec__max_features': 5000, 'preprocessor__text__tvec__ngram_range': (1, 1), 'rf__bootstrap': False, 'rf__max_depth': 5, 'rf__max_features': 'auto', 'rf__max_samples': 0.8, 'rf__min_samples_leaf': 4, 'rf__min_samples_split': 3, 'rf__n_estimators': 100}",0.2359593091047556,0.06950309359821472,0.3326350338129722,0.2200075989119863,0.2145262588569822,0.09416849514965005,45
3.073579430580139,0.09744344199850506,0.7320259809494019,0.023638567746160997,5000,"(1, 2)",True,3,sqrt,0.8,4,2,150,"{'preprocessor__text__tvec__max_features': 5000, 'preprocessor__text__tvec__ngram_range': (1, 2), 'rf__bootstrap': True, 'rf__max_depth': 3, 'rf__max_features': 'sqrt', 'rf__max_samples': 0.8, 'rf__min_samples_leaf': 4, 'rf__min_samples_split': 2, 'rf__n_estimators': 150}",0.2263604621941997,0.18459514445816028,0.2559186465331338,0.1844409737198227,0.21282880672632912,0.030178008309676253,48
1.6326739192008972,0.06030107338812527,0.5194894671440125,0.01880884710319111,7500,"(1, 1)",True,5,auto,1,2,5,200,"{'preprocessor__text__tvec__max_features': 7500, 'preprocessor__text__tvec__ngram_range': (1, 1), 'rf__bootstrap': True, 'rf__max_depth': 5, 'rf__max_features': 'auto', 'rf__max_samples': 1, 'rf__min_samples_leaf': 2, 'rf__min_samples_split': 5, 'rf__n_estimators': 200}",-0.001159935666349421,-0.0010302542474689425,-0.0044412342247974745,-0.009480504000425993,-0.004027982034760458,0.00343193950327985,82
3.191452920436859,0.0900636698021737,0.7201734185218811,0.07874770277438117,5000,"(1, 2)",False,5,sqrt,0.9,3,2,100,"{'preprocessor__text__tvec__max_features': 5000, 'preprocessor__text__tvec__ngram_range': (1, 2), 'rf__bootstrap': False, 'rf__max_depth': 5, 'rf__max_features': 'sqrt', 'rf__max_samples': 0.9, 'rf__min_samples_leaf': 3, 'rf__min_samples_split': 2, 'rf__n_estimators': 100}",0.27866728741143143,0.20086604165635147,0.32410407309688594,0.22536789699707005,0.2572513247904347,0.047759257042679894,23
4.742107391357422,0.5686274315907466,1.1213499307632446,0.08931584311259733,5000,"(1, 3)",True,4,sqrt,1,3,2,150,"{'preprocessor__text__tvec__max_features': 5000, 'preprocessor__text__tvec__ngram_range': (1, 3), 'rf__bootstrap': True, 'rf__max_depth': 4, 'rf__max_features': 'sqrt', 'rf__max_samples': 1, 'rf__min_samples_leaf': 3, 'rf__min_samples_split': 2, 'rf__n_estimators': 150}",-0.0062602005656455795,-5.217707986426845e-05,-0.00519578097001383,-0.003686733704740597,-0.0037987230800660687,0.0023483925732133257,80
4.794480681419373,0.40398577559469706,1.1775368452072144,0.05300727805552552,7500,"(1, 3)",False,2,sqrt,0.8,4,2,100,"{'preprocessor__text__tvec__max_features': 7500, 'preprocessor__text__tvec__ngram_range': (1, 3), 'rf__bootstrap': False, 'rf__max_depth': 2, 'rf__max_features': 'sqrt', 'rf__max_samples': 0.8, 'rf__min_samples_leaf': 4, 'rf__min_samples_split': 2, 'rf__n_estimators': 100}",0.21474031715448316,0.16560513267480126,0.2209587756664253,0.14702777241006726,0.18708299947644424,0.031536547890129746,59
5.045379042625427,0.45408163466084367,1.152476966381073,0.15403842872566928,5000,"(1, 3)",False,2,sqrt,1,4,5,200,"{'preprocessor__text__tvec__max_features': 5000, 'preprocessor__text__tvec__ngram_range': (1, 3), 'rf__bootstrap': False, 'rf__max_depth': 2, 'rf__max_features': 'sqrt', 'rf__max_samples': 1, 'rf__min_samples_leaf': 4, 'rf__min_samples_split': 5, 'rf__n_estimators': 200}",0.20864918388349984,0.15466169000685304,0.23204704362683637,0.1617489807108753,0.18927672455701613,0.032251239014409294,57
1.519944429397583,0.2928587171705023,0.46003347635269165,0.08458062453845927,5000,"(1, 1)",True,5,auto,1,4,2,100,"{'preprocessor__text__tvec__max_features': 5000, 'preprocessor__text__tvec__ngram_range': (1, 1), 'rf__bootstrap': True, 'rf__max_depth': 5, 'rf__max_features': 'auto', 'rf__max_samples': 1, 'rf__min_samples_leaf': 4, 'rf__min_samples_split': 2, 'rf__n_estimators': 100}",-0.01077409373409588,-0.002034741620692282,-0.0043857718452904315,-0.003363466770280432,-0.005139518492589756,0.0033582201872828467,85
3.4747031927108765,0.04878224283028754,0.8328645825386047,0.083042736053192,5000,"(1, 2)",True,2,sqrt,0.8,4,5,200,"{'preprocessor__text__tvec__max_features': 5000, 'preprocessor__text__tvec__ngram_range': (1, 2), 'rf__bootstrap': True, 'rf__max_depth': 2, 'rf__max_features': 'sqrt', 'rf__max_samples': 0.8, 'rf__min_samples_leaf': 4, 'rf__min_samples_split': 5, 'rf__n_estimators': 200}",0.18475024320006728,0.17727463203318772,0.21810849256870013,0.1591293510820294,0.18481567972099613,0.021360422212759033,60
50.836532294750214,0.8515472666681896,1.0237728953361511,0.025110544057875217,5000,"(1, 3)",False,4,auto,0.8,2,3,200,"{'preprocessor__text__tvec__max_features': 5000, 'preprocessor__text__tvec__ngram_range': (1, 3), 'rf__bootstrap': False, 'rf__max_depth': 4, 'rf__max_features': 'auto', 'rf__max_samples': 0.8, 'rf__min_samples_leaf': 2, 'rf__min_samples_split': 3, 'rf__n_estimators': 200}",0.33474381014459087,-1.072311590832117,0.28366604340832646,0.20992322587774925,-0.06099462785036261,0.5855677528481358,94
31.719792127609253,0.25618309753610585,1.0588427186012268,0.06255679414347319,5000,"(1, 3)",True,4,auto,0.8,4,2,200,"{'preprocessor__text__tvec__max_features': 5000, 'preprocessor__text__tvec__ngram_range': (1, 3), 'rf__bootstrap': True, 'rf__max_depth': 4, 'rf__max_features': 'auto', 'rf__max_samples': 0.8, 'rf__min_samples_leaf': 4, 'rf__min_samples_split': 2, 'rf__n_estimators': 200}",0.30641756551294674,0.26965885700716985,0.4099923255811444,0.2646559285116181,0.31268116915321975,0.05845091311728663,4
21.036757171154022,0.10126634876928527,0.7224593758583069,0.005428732177729215,2500,"(1, 2)",False,2,auto,0.8,2,5,200,"{'preprocessor__text__tvec__max_features': 2500, 'preprocessor__text__tvec__ngram_range': (1, 2), 'rf__bootstrap': False, 'rf__max_depth': 2, 'rf__max_features': 'auto', 'rf__max_samples': 0.8, 'rf__min_samples_leaf': 2, 'rf__min_samples_split': 5, 'rf__n_estimators': 200}",0.1867773003683988,-0.7870393032840763,0.29299781790958235,0.01749790056609113,-0.07244157111000102,0.4241106570729058,96
1.483625888824463,0.04459927917940624,0.4118248224258423,0.01130605793803715,7500,"(1, 1)",True,2,sqrt,0.9,3,5,100,"{'preprocessor__text__tvec__max_features': 7500, 'preprocessor__text__tvec__ngram_range': (1, 1), 'rf__bootstrap': True, 'rf__max_depth': 2, 'rf__max_features': 'sqrt', 'rf__max_samples': 0.9, 'rf__min_samples_leaf': 3, 'rf__min_samples_split': 5, 'rf__n_estimators': 100}",0.12696412468880236,0.15863001162915158,0.17037682534099485,0.1254608787192819,0.14535796009455768,0.019597946310421544,69
54.735890567302704,1.451017845049185,0.54006427526474,0.04215285638143288,7500,"(1, 1)",False,5,auto,1,4,3,200,"{'preprocessor__text__tvec__max_features': 7500, 'preprocessor__text__tvec__ngram_range': (1, 1), 'rf__bootstrap': False, 'rf__max_depth': 5, 'rf__max_features': 'auto', 'rf__max_samples': 1, 'rf__min_samples_leaf': 4, 'rf__min_samples_split': 3, 'rf__n_estimators': 200}",0.20838194688885148,0.15135308255368363,0.3382468801442632,0.1827707381286392,0.22018816192885937,0.07109075083417507,41
3.3310346007347107,0.20362167932819425,0.7420226335525513,0.029283831298766654,7500,"(1, 2)",True,4,sqrt,0.9,2,3,150,"{'preprocessor__text__tvec__max_features': 7500, 'preprocessor__text__tvec__ngram_range': (1, 2), 'rf__bootstrap': True, 'rf__max_depth': 4, 'rf__max_features': 'sqrt', 'rf__max_samples': 0.9, 'rf__min_samples_leaf': 2, 'rf__min_samples_split': 3, 'rf__n_estimators': 150}",0.24509869489072666,0.19480181801926322,0.28809395044697705,0.20606114711969925,0.23351390261916655,0.03662467853594379,35
33.20509231090546,0.4430830437712861,0.5049240589141846,0.0077168698913312435,7500,"(1, 1)",True,5,auto,0.8,4,5,200,"{'preprocessor__text__tvec__max_features': 7500, 'preprocessor__text__tvec__ngram_range': (1, 1), 'rf__bootstrap': True, 'rf__max_depth': 5, 'rf__max_features': 'auto', 'rf__max_samples': 0.8, 'rf__min_samples_leaf': 4, 'rf__min_samples_split': 5, 'rf__n_estimators': 200}",0.3048105281947415,0.2842364638603021,0.45318515504723156,0.2573028762199808,0.32488375583056395,0.0759663760194767,2
46.69330149888992,0.14973280106263806,0.7793732285499573,0.02404728854267831,5000,"(1, 2)",False,4,auto,1,3,3,200,"{'preprocessor__text__tvec__max_features': 5000, 'preprocessor__text__tvec__ngram_range': (1, 2), 'rf__bootstrap': False, 'rf__max_depth': 4, 'rf__max_features': 'auto', 'rf__max_samples': 1, 'rf__min_samples_leaf': 3, 'rf__min_samples_split': 3, 'rf__n_estimators': 200}",0.22791841987782624,0.12406718544182327,0.38448838316784306,0.24220242426170935,0.24466910318730048,0.09271046800984835,28
2.021649956703186,0.0466841080634763,0.3910561800003052,0.025428681630294082,2500,"(1, 1)",False,4,sqrt,0.9,2,2,150,"{'preprocessor__text__tvec__max_features': 2500, 'preprocessor__text__tvec__ngram_range': (1, 1), 'rf__bootstrap': False, 'rf__max_depth': 4, 'rf__max_features': 'sqrt', 'rf__max_samples': 0.9, 'rf__min_samples_leaf': 2, 'rf__min_samples_split': 2, 'rf__n_estimators': 150}",0.23275331086837736,0.22642018425780608,0.2980052714907805,0.211958181328868,0.24228423698645798,0.03304167845171044,30
4.365304470062256,0.07457373245354679,0.938355028629303,0.04689380441443362,5000,"(1, 3)",True,3,sqrt,0.9,3,3,150,"{'preprocessor__text__tvec__max_features': 5000, 'preprocessor__text__tvec__ngram_range': (1, 3), 'rf__bootstrap': True, 'rf__max_depth': 3, 'rf__max_features': 'sqrt', 'rf__max_samples': 0.9, 'rf__min_samples_leaf': 3, 'rf__min_samples_split': 3, 'rf__n_estimators': 150}",0.24245914213393394,0.17651636541272742,0.2645027407000097,0.18320892797785426,0.21667179405613132,0.03769949811815635,43
13.412240505218506,0.12010592206333809,0.7627570033073425,0.02181417172631684,7500,"(1, 2)",True,2,auto,0.8,4,5,150,"{'preprocessor__text__tvec__max_features': 7500, 'preprocessor__text__tvec__ngram_range': (1, 2), 'rf__bootstrap': True, 'rf__max_depth': 2, 'rf__max_features': 'auto', 'rf__max_samples': 0.8, 'rf__min_samples_leaf': 4, 'rf__min_samples_split': 5, 'rf__n_estimators': 150}",0.244123315972401,0.22112494746890143,0.3134004080826188,0.2101899633712756,0.2472096587237992,0.04012982312914622,27
4.314975678920746,0.03195275175554455,0.8924923539161682,0.04348866612387481,2500,"(1, 3)",False,3,sqrt,0.9,3,5,150,"{'preprocessor__text__tvec__max_features': 2500, 'preprocessor__text__tvec__ngram_range': (1, 3), 'rf__bootstrap': False, 'rf__max_depth': 3, 'rf__max_features': 'sqrt', 'rf__max_samples': 0.9, 'rf__min_samples_leaf': 3, 'rf__min_samples_split': 5, 'rf__n_estimators': 150}",0.24417443335519007,0.1726690309085065,0.27419336009844353,0.17765875331361003,0.21717389441893753,0.043365821282089455,42
16.039174258708954,0.21555467558279054,0.7942270636558533,0.022747041022134172,5000,"(1, 2)",True,2,auto,0.8,2,3,200,"{'preprocessor__text__tvec__max_features': 5000, 'preprocessor__text__tvec__ngram_range': (1, 2), 'rf__bootstrap': True, 'rf__max_depth': 2, 'rf__max_features': 'auto', 'rf__max_samples': 0.8, 'rf__min_samples_leaf': 2, 'rf__min_samples_split': 3, 'rf__n_estimators': 200}",0.23223292773373416,0.21075785417900528,0.28934975384183925,0.20472457941809852,0.2342662787931693,0.033405395409182186,34
5.1702399253845215,0.1075665136534597,0.9672706723213196,0.03516496558049679,2500,"(1, 3)",False,5,sqrt,0.8,3,3,200,"{'preprocessor__text__tvec__max_features': 2500, 'preprocessor__text__tvec__ngram_range': (1, 3), 'rf__bootstrap': False, 'rf__max_depth': 5, 'rf__max_features': 'sqrt', 'rf__max_samples': 0.8, 'rf__min_samples_leaf': 3, 'rf__min_samples_split': 3, 'rf__n_estimators': 200}",0.2822100258511878,0.221880829174947,0.33646958935848137,0.21092482106517885,0.26287131636244876,0.050421597272960375,18
28.26304304599762,1.7410716244411668,0.7550801038742065,0.01948931854180174,5000,"(1, 2)",True,4,auto,0.8,4,4,200,"{'preprocessor__text__tvec__max_features': 5000, 'preprocessor__text__tvec__ngram_range': (1, 2), 'rf__bootstrap': True, 'rf__max_depth': 4, 'rf__max_features': 'auto', 'rf__max_samples': 0.8, 'rf__min_samples_leaf': 4, 'rf__min_samples_split': 4, 'rf__n_estimators': 200}",0.30891115733695385,0.2543909646907683,0.40210092316166535,0.25701463397973445,0.3056044197922805,0.059804462510022534,7
4.891805648803711,0.1126984413738021,1.0605024695396423,0.02010992746002709,7500,"(1, 3)",False,4,sqrt,0.9,2,5,200,"{'preprocessor__text__tvec__max_features': 7500, 'preprocessor__text__tvec__ngram_range': (1, 3), 'rf__bootstrap': False, 'rf__max_depth': 4, 'rf__max_features': 'sqrt', 'rf__max_samples': 0.9, 'rf__min_samples_leaf': 2, 'rf__min_samples_split': 5, 'rf__n_estimators': 200}",0.26545602706199256,0.16910353590272043,0.2968140005355,0.20196185620015095,0.23333385492509098,0.050426429120116675,36
2.3699517846107483,0.03868142729233072,0.4915549159049988,0.02413469099385888,5000,"(1, 1)",False,5,sqrt,1,3,2,200,"{'preprocessor__text__tvec__max_features': 5000, 'preprocessor__text__tvec__ngram_range': (1, 1), 'rf__bootstrap': False, 'rf__max_depth': 5, 'rf__max_features': 'sqrt', 'rf__max_samples': 1, 'rf__min_samples_leaf': 3, 'rf__min_samples_split': 2, 'rf__n_estimators': 200}",0.2349326174818286,0.24391177419280263,0.3223381760762143,0.21384803128006924,0.2537576497577287,0.041071247068300475,25
3.8264971375465393,0.050255390160954275,0.9422433972358704,0.026854255511629403,5000,"(1, 3)",True,2,sqrt,1,4,4,100,"{'preprocessor__text__tvec__max_features': 5000, 'preprocessor__text__tvec__ngram_range': (1, 3), 'rf__bootstrap': True, 'rf__max_depth': 2, 'rf__max_features': 'sqrt', 'rf__max_samples': 1, 'rf__min_samples_leaf': 4, 'rf__min_samples_split': 4, 'rf__n_estimators': 100}",-0.005087021057427643,-0.0005678543711322703,-0.150257136705648,-0.059650250312398345,-0.053890565611651564,0.06030088616132065,92
4.046544253826141,0.024872343629526596,0.9650779962539673,0.01861426345208777,7500,"(1, 3)",True,3,sqrt,0.8,3,4,100,"{'preprocessor__text__tvec__max_features': 7500, 'preprocessor__text__tvec__ngram_range': (1, 3), 'rf__bootstrap': True, 'rf__max_depth': 3, 'rf__max_features': 'sqrt', 'rf__max_samples': 0.8, 'rf__min_samples_leaf': 3, 'rf__min_samples_split': 4, 'rf__n_estimators': 100}",0.2212113244431836,0.1686088551335918,0.25646053693384085,0.18751897957450137,0.2084499240212794,0.03351599431061074,53
26.44108909368515,0.1146394527134283,1.0192705988883972,0.021426789727649168,5000,"(1, 3)",False,2,auto,0.9,3,3,200,"{'preprocessor__text__tvec__max_features': 5000, 'preprocessor__text__tvec__ngram_range': (1, 3), 'rf__bootstrap': False, 'rf__max_depth': 2, 'rf__max_features': 'auto', 'rf__max_samples': 0.9, 'rf__min_samples_leaf': 3, 'rf__min_samples_split': 3, 'rf__n_estimators': 200}",0.2143588287528153,-0.49950920461848813,0.3251752447766879,0.07448409945811751,0.02862724209228315,0.3175956146939447,72
18.0043506026268,1.187612315973564,1.0793052911758423,0.04306340084287468,7500,"(1, 3)",True,2,auto,0.8,4,4,200,"{'preprocessor__text__tvec__max_features': 7500, 'preprocessor__text__tvec__ngram_range': (1, 3), 'rf__bootstrap': True, 'rf__max_depth': 2, 'rf__max_features': 'auto', 'rf__max_samples': 0.8, 'rf__min_samples_leaf': 4, 'rf__min_samples_split': 4, 'rf__n_estimators': 200}",0.24134538051605892,0.22206057744157892,0.3107802824600505,0.22354819614225363,0.2494336091399855,0.036222131494905156,26
1.807988464832306,0.0673926925253447,0.4685361981391907,0.019746090772878134,7500,"(1, 1)",False,4,sqrt,1,2,2,150,"{'preprocessor__text__tvec__max_features': 7500, 'preprocessor__text__tvec__ngram_range': (1, 1), 'rf__bootstrap': False, 'rf__max_depth': 4, 'rf__max_features': 'sqrt', 'rf__max_samples': 1, 'rf__min_samples_leaf': 2, 'rf__min_samples_split': 2, 'rf__n_estimators': 150}",0.2021397744995559,0.2337788521128228,0.2825466136242548,0.18297660394033732,0.2253604610442427,0.03767199550627377,39
6.83957576751709,0.24446096752817517,0.39622360467910767,0.03551046357770744,5000,"(1, 1)",True,2,auto,0.8,2,4,100,"{'preprocessor__text__tvec__max_features': 5000, 'preprocessor__text__tvec__ngram_range': (1, 1), 'rf__bootstrap': True, 'rf__max_depth': 2, 'rf__max_features': 'auto', 'rf__max_samples': 0.8, 'rf__min_samples_leaf': 2, 'rf__min_samples_split': 4, 'rf__n_estimators': 100}",0.22786884047041367,0.21770186501087307,0.3048210544168223,0.2001137383459446,0.2376263745610134,0.040045344389428056,32
13.116812884807587,0.04281533742968946,0.6715561151504517,0.020894449746375346,5000,"(1, 2)",True,3,auto,0.9,2,3,100,"{'preprocessor__text__tvec__max_features': 5000, 'preprocessor__text__tvec__ngram_range': (1, 2), 'rf__bootstrap': True, 'rf__max_depth': 3, 'rf__max_features': 'auto', 'rf__max_samples': 0.9, 'rf__min_samples_leaf': 2, 'rf__min_samples_split': 3, 'rf__n_estimators': 100}",0.2698659398317559,0.2269544167831129,0.33413740648242984,0.22410858104441767,0.2637665860354291,0.04448917748184677,16
4.159507393836975,0.010896149587159128,0.9480409026145935,0.06001552959082299,2500,"(1, 3)",False,2,sqrt,0.9,3,3,150,"{'preprocessor__text__tvec__max_features': 2500, 'preprocessor__text__tvec__ngram_range': (1, 3), 'rf__bootstrap': False, 'rf__max_depth': 2, 'rf__max_features': 'sqrt', 'rf__max_samples': 0.9, 'rf__min_samples_leaf': 3, 'rf__min_samples_split': 3, 'rf__n_estimators': 150}",0.2134691191676057,0.15948650244988216,0.24018570460695132,0.1487257775525067,0.19046677594423647,0.0377596608620138,56
22.881920039653778,0.13017704457607518,0.8152687549591064,0.021784885135002926,5000,"(1, 2)",True,3,auto,0.8,2,5,200,"{'preprocessor__text__tvec__max_features': 5000, 'preprocessor__text__tvec__ngram_range': (1, 2), 'rf__bootstrap': True, 'rf__max_depth': 3, 'rf__max_features': 'auto', 'rf__max_samples': 0.8, 'rf__min_samples_leaf': 2, 'rf__min_samples_split': 5, 'rf__n_estimators': 200}",0.2668610283238926,0.2147018872283275,0.33232734420063315,0.22496240634399456,0.25971316652421195,0.046253489935585666,21
4.594386577606201,0.0577426958801377,1.033051073551178,0.04870423917462683,7500,"(1, 3)",False,3,sqrt,0.9,4,5,150,"{'preprocessor__text__tvec__max_features': 7500, 'preprocessor__text__tvec__ngram_range': (1, 3), 'rf__bootstrap': False, 'rf__max_depth': 3, 'rf__max_features': 'sqrt', 'rf__max_samples': 0.9, 'rf__min_samples_leaf': 4, 'rf__min_samples_split': 5, 'rf__n_estimators': 150}",0.24478157868310557,0.1534864046545017,0.2640540840633733,0.18378245412488647,0.21152613038146675,0.044730951516938344,50
14.3319650888443,0.45556958750584015,0.46516352891921997,0.015177443992969905,5000,"(1, 1)",True,3,auto,0.8,4,3,150,"{'preprocessor__text__tvec__max_features': 5000, 'preprocessor__text__tvec__ngram_range': (1, 1), 'rf__bootstrap': True, 'rf__max_depth': 3, 'rf__max_features': 'auto', 'rf__max_samples': 0.8, 'rf__min_samples_leaf': 4, 'rf__min_samples_split': 3, 'rf__n_estimators': 150}",0.26513225767009285,0.24616348128576515,0.3883272523057747,0.24585321048554565,0.2863690504367946,0.05938117835872947,10
21.736480593681335,0.24829938442700056,0.41872745752334595,0.023477026464130798,7500,"(1, 1)",False,4,auto,1,2,5,100,"{'preprocessor__text__tvec__max_features': 7500, 'preprocessor__text__tvec__ngram_range': (1, 1), 'rf__bootstrap': False, 'rf__max_depth': 4, 'rf__max_features': 'auto', 'rf__max_samples': 1, 'rf__min_samples_leaf': 2, 'rf__min_samples_split': 5, 'rf__n_estimators': 100}",0.22334694895060725,0.10216210086171351,0.362393728962358,-0.06240504887663789,0.15637443247451022,0.15631115351092353,65
4.42010885477066,0.05531601619881802,0.8508242964744568,0.19191750402094332,2500,"(1, 3)",False,2,sqrt,0.9,4,2,150,"{'preprocessor__text__tvec__max_features': 2500, 'preprocessor__text__tvec__ngram_range': (1, 3), 'rf__bootstrap': False, 'rf__max_depth': 2, 'rf__max_features': 'sqrt', 'rf__max_samples': 0.9, 'rf__min_samples_leaf': 4, 'rf__min_samples_split': 2, 'rf__n_estimators': 150}",0.21647602809667066,0.1593875538227011,0.23831422831517723,0.1631106628950839,0.19432211828240822,0.03398779268567649,54
1.3165428638458252,0.03138121429534969,0.3430672883987427,0.015908379067141678,2500,"(1, 1)",True,4,auto,1,3,3,100,"{'preprocessor__text__tvec__max_features': 2500, 'preprocessor__text__tvec__ngram_range': (1, 1), 'rf__bootstrap': True, 'rf__max_depth': 4, 'rf__max_features': 'auto', 'rf__max_samples': 1, 'rf__min_samples_leaf': 3, 'rf__min_samples_split': 3, 'rf__n_estimators': 100}",-0.0009030987492648634,-0.003385162452673729,-0.0002802701114676953,-0.00023615915241292917,-0.0012011726164548042,0.0012882131078050289,75
18.380085349082947,0.4802947827035145,0.9639681577682495,0.0330480871743244,5000,"(1, 3)",True,4,auto,0.8,2,2,100,"{'preprocessor__text__tvec__max_features': 5000, 'preprocessor__text__tvec__ngram_range': (1, 3), 'rf__bootstrap': True, 'rf__max_depth': 4, 'rf__max_features': 'auto', 'rf__max_samples': 0.8, 'rf__min_samples_leaf': 2, 'rf__min_samples_split': 2, 'rf__n_estimators': 100}",0.29500588141656914,0.2431894123307753,0.38461865132316375,0.24675317402880692,0.2923917797748288,0.057044685684835936,8
11.736526489257812,0.10614988477234144,0.6499589085578918,0.04101581010631047,2500,"(1, 2)",False,2,auto,0.8,4,3,100,"{'preprocessor__text__tvec__max_features': 2500, 'preprocessor__text__tvec__ngram_range': (1, 2), 'rf__bootstrap': False, 'rf__max_depth': 2, 'rf__max_features': 'auto', 'rf__max_samples': 0.8, 'rf__min_samples_leaf': 4, 'rf__min_samples_split': 3, 'rf__n_estimators': 100}",0.22596470784932499,0.1035554792308856,0.2929978179095821,0.09471413045233168,0.1793080338605311,0.0836612070370277,62
3.8695072531700134,0.038738092496358,0.7046026587486267,0.02904690282232464,2500,"(1, 2)",False,5,sqrt,1,3,2,200,"{'preprocessor__text__tvec__max_features': 2500, 'preprocessor__text__tvec__ngram_range': (1, 2), 'rf__bootstrap': False, 'rf__max_depth': 5, 'rf__max_features': 'sqrt', 'rf__max_samples': 1, 'rf__min_samples_leaf': 3, 'rf__min_samples_split': 2, 'rf__n_estimators': 200}",0.2712190227703374,0.22894440630643997,0.3419732089208608,0.22440989624633312,0.2666366335609928,0.04717096357259706,14
39.68753516674042,1.0318570441627943,0.7165475487709045,0.02926989338830891,2500,"(1, 2)",False,4,auto,0.9,2,3,200,"{'preprocessor__text__tvec__max_features': 2500, 'preprocessor__text__tvec__ngram_range': (1, 2), 'rf__bootstrap': False, 'rf__max_depth': 4, 'rf__max_features': 'auto', 'rf__max_samples': 0.9, 'rf__min_samples_leaf': 2, 'rf__min_samples_split': 3, 'rf__n_estimators': 200}",0.25506499257457305,-1.097548344919642,0.32129305842032896,0.01634399432944389,-0.126211574898824,0.5721558854147347,99
49.81460255384445,0.08186070216746073,1.0182409286499023,0.03421880908816224,5000,"(1, 3)",False,4,auto,0.9,2,2,200,"{'preprocessor__text__tvec__max_features': 5000, 'preprocessor__text__tvec__ngram_range': (1, 3), 'rf__bootstrap': False, 'rf__max_depth': 4, 'rf__max_features': 'auto', 'rf__max_samples': 0.9, 'rf__min_samples_leaf': 2, 'rf__min_samples_split': 2, 'rf__n_estimators': 200}",0.33474381014459087,-1.072311590832117,0.28637570362260045,0.21393738014437624,-0.059313674230137364,0.5864327251929001,93
1.496315360069275,0.057145881691332175,0.4172958731651306,0.012773615904845659,5000,"(1, 1)",True,2,sqrt,0.9,2,4,100,"{'preprocessor__text__tvec__max_features': 5000, 'preprocessor__text__tvec__ngram_range': (1, 1), 'rf__bootstrap': True, 'rf__max_depth': 2, 'rf__max_features': 'sqrt', 'rf__max_samples': 0.9, 'rf__min_samples_leaf': 2, 'rf__min_samples_split': 4, 'rf__n_estimators': 100}",0.13558507768931638,0.17292626017612645,0.1873136407156476,0.13704619500673276,0.1582177933969558,0.022491018901365463,64
35.356820583343506,0.4076276941821312,0.4534226655960083,0.042029588122308614,2500,"(1, 1)",False,4,auto,0.9,4,4,200,"{'preprocessor__text__tvec__max_features': 2500, 'preprocessor__text__tvec__ngram_range': (1, 1), 'rf__bootstrap': False, 'rf__max_depth': 4, 'rf__max_features': 'auto', 'rf__max_samples': 0.9, 'rf__min_samples_leaf': 4, 'rf__min_samples_split': 4, 'rf__n_estimators': 200}",0.23286483455125973,-0.03309636969644547,0.3952486489908513,0.13195317464011724,0.1817425721214457,0.15559007487553012,61
27.621824026107788,0.44476884229541075,0.4177892208099365,0.006675203152199569,2500,"(1, 1)",False,3,auto,0.9,2,3,200,"{'preprocessor__text__tvec__max_features': 2500, 'preprocessor__text__tvec__ngram_range': (1, 1), 'rf__bootstrap': False, 'rf__max_depth': 3, 'rf__max_features': 'auto', 'rf__max_samples': 0.9, 'rf__min_samples_leaf': 2, 'rf__min_samples_split': 3, 'rf__n_estimators': 200}",0.25765051078915746,-1.0398011306016848,0.36614489232736813,0.02018110177029464,-0.09895615642871614,0.5574204544991062,98
32.34864091873169,0.6445578608960104,0.7509677410125732,0.020796289726978005,7500,"(1, 2)",True,5,auto,0.9,2,4,150,"{'preprocessor__text__tvec__max_features': 7500, 'preprocessor__text__tvec__ngram_range': (1, 2), 'rf__bootstrap': True, 'rf__max_depth': 5, 'rf__max_features': 'auto', 'rf__max_samples': 0.9, 'rf__min_samples_leaf': 2, 'rf__min_samples_split': 4, 'rf__n_estimators': 150}",0.28960559161451727,0.1837049603413783,0.4228947904451543,0.2471716978896833,0.28584426007268326,0.08764273943936052,11
26.586953043937683,0.5350711599810838,1.007236123085022,0.030348636428777227,5000,"(1, 3)",False,2,auto,0.9,3,3,200,"{'preprocessor__text__tvec__max_features': 5000, 'preprocessor__text__tvec__ngram_range': (1, 3), 'rf__bootstrap': False, 'rf__max_depth': 2, 'rf__max_features': 'auto', 'rf__max_samples': 0.9, 'rf__min_samples_leaf': 3, 'rf__min_samples_split': 3, 'rf__n_estimators': 200}",0.2143588287528153,-0.49950920461848813,0.3251752447766879,0.07448409945811751,0.02862724209228315,0.3175956146939447,72
1.8323205709457397,0.02423109101259903,0.4632800221443176,0.007601413806514334,7500,"(1, 1)",False,4,sqrt,0.8,3,5,150,"{'preprocessor__text__tvec__max_features': 7500, 'preprocessor__text__tvec__ngram_range': (1, 1), 'rf__bootstrap': False, 'rf__max_depth': 4, 'rf__max_features': 'sqrt', 'rf__max_samples': 0.8, 'rf__min_samples_leaf': 3, 'rf__min_samples_split': 5, 'rf__n_estimators': 150}",0.2021708257118322,0.2286767228366522,0.28980171921625963,0.1746551030794924,0.2238260927110591,0.04261176103942571,40
2.558042287826538,0.08423040735594166,0.4206467270851135,0.0069356184953140235,2500,"(1, 1)",False,5,sqrt,0.8,3,3,200,"{'preprocessor__text__tvec__max_features': 2500, 'preprocessor__text__tvec__ngram_range': (1, 1), 'rf__bootstrap': False, 'rf__max_depth': 5, 'rf__max_features': 'sqrt', 'rf__max_samples': 0.8, 'rf__min_samples_leaf': 3, 'rf__min_samples_split': 3, 'rf__n_estimators': 200}",0.2518056388361485,0.2428781470709327,0.3345396405365244,0.22565785830609442,0.263720321187425,0.041953792889011826,17
3.7624489665031433,0.058581547451551155,0.9563994407653809,0.04163223144455687,5000,"(1, 3)",True,3,sqrt,1,3,5,100,"{'preprocessor__text__tvec__max_features': 5000, 'preprocessor__text__tvec__ngram_range': (1, 3), 'rf__bootstrap': True, 'rf__max_depth': 3, 'rf__max_features': 'sqrt', 'rf__max_samples': 1, 'rf__min_samples_leaf': 3, 'rf__min_samples_split': 5, 'rf__n_estimators': 100}",-0.0015866432203610614,-0.0006907534783850977,-0.0006919060684502654,-0.0002338196540150328,-0.0008007806053028643,0.0004906588436643014,74
39.81252861022949,0.25743679268128583,0.8882413506507874,0.028324421009199432,2500,"(1, 3)",False,5,auto,0.9,2,3,150,"{'preprocessor__text__tvec__max_features': 2500, 'preprocessor__text__tvec__ngram_range': (1, 3), 'rf__bootstrap': False, 'rf__max_depth': 5, 'rf__max_features': 'auto', 'rf__max_samples': 0.9, 'rf__min_samples_leaf': 2, 'rf__min_samples_split': 3, 'rf__n_estimators': 150}",0.3482242352461905,-1.0460127995106516,0.22065827520528547,-0.15064498578748142,-0.15694381871166427,0.5450370244270539,100
4.04818320274353,0.09875114709590455,0.9126179218292236,0.019463188861686326,2500,"(1, 3)",True,5,auto,1,2,4,200,"{'preprocessor__text__tvec__max_features': 2500, 'preprocessor__text__tvec__ngram_range': (1, 3), 'rf__bootstrap': True, 'rf__max_depth': 5, 'rf__max_features': 'auto', 'rf__max_samples': 1, 'rf__min_samples_leaf': 2, 'rf__min_samples_split': 4, 'rf__n_estimators': 200}",-0.0007865437266632025,-0.0001292690003000807,-0.0004838695789974867,-0.003985829845619682,-0.001346378037895113,0.0015415410757095044,76
2.097635805606842,0.016643746878440245,0.5153234601020813,0.0096104441281749,7500,"(1, 1)",False,4,sqrt,1,3,2,200,"{'preprocessor__text__tvec__max_features': 7500, 'preprocessor__text__tvec__ngram_range': (1, 1), 'rf__bootstrap': False, 'rf__max_depth': 4, 'rf__max_features': 'sqrt', 'rf__max_samples': 1, 'rf__min_samples_leaf': 3, 'rf__min_samples_split': 2, 'rf__n_estimators': 200}",0.19544354207036074,0.2390078110132967,0.28781909463157795,0.18518935826639882,0.22686495149540856,0.04058021883868469,38
12.713806927204132,1.1519033746670524,0.3778136372566223,0.006772361280844382,2500,"(1, 1)",True,3,auto,0.9,2,4,150,"{'preprocessor__text__tvec__max_features': 2500, 'preprocessor__text__tvec__ngram_range': (1, 1), 'rf__bootstrap': True, 'rf__max_depth': 3, 'rf__max_features': 'auto', 'rf__max_samples': 0.9, 'rf__min_samples_leaf': 2, 'rf__min_samples_split': 4, 'rf__n_estimators': 150}",0.27783311552313084,0.1879201670799604,0.36527307009632526,0.22774681604263236,0.2646932921855122,0.06623462372464534,15
1171.7840575575829,2005.4296628564068,1.1048405170440674,0.12062783947514762,5000,"(1, 3)",True,2,auto,0.9,3,2,100,"{'preprocessor__text__tvec__max_features': 5000, 'preprocessor__text__tvec__ngram_range': (1, 3), 'rf__bootstrap': True, 'rf__max_depth': 2, 'rf__max_features': 'auto', 'rf__max_samples': 0.9, 'rf__min_samples_leaf': 3, 'rf__min_samples_split': 2, 'rf__n_estimators': 100}",0.24145891014312615,0.20911918997551127,0.3159236869800759,0.20702081979006015,0.24338065172219336,0.044051305866782874,29
4.6924837827682495,0.06463409310449635,0.9940611720085144,0.01790904486524531,5000,"(1, 3)",False,5,sqrt,0.8,2,4,150,"{'preprocessor__text__tvec__max_features': 5000, 'preprocessor__text__tvec__ngram_range': (1, 3), 'rf__bootstrap': False, 'rf__max_depth': 5, 'rf__max_features': 'sqrt', 'rf__max_samples': 0.8, 'rf__min_samples_leaf': 2, 'rf__min_samples_split': 4, 'rf__n_estimators': 150}",0.28579104325324844,0.21111553499932567,0.32798358606622036,0.2241915108282141,0.26227041878675217,0.04727120025928376,19
3.5758661031723022,0.2838395629327294,0.8680298328399658,0.13711428612952511,5000,"(1, 2)",True,3,sqrt,0.8,2,3,200,"{'preprocessor__text__tvec__max_features': 5000, 'preprocessor__text__tvec__ngram_range': (1, 2), 'rf__bootstrap': True, 'rf__max_depth': 3, 'rf__max_features': 'sqrt', 'rf__max_samples': 0.8, 'rf__min_samples_leaf': 2, 'rf__min_samples_split': 3, 'rf__n_estimators': 200}",0.2264627015329893,0.1864741069208834,0.25946458826835017,0.185464505005137,0.21446647543183997,0.030795399749807387,46
1.3262192606925964,0.00816223571984417,0.4001888632774353,0.021178504475186148,5000,"(1, 1)",True,3,sqrt,1,4,2,100,"{'preprocessor__text__tvec__max_features': 5000, 'preprocessor__text__tvec__ngram_range': (1, 1), 'rf__bootstrap': True, 'rf__max_depth': 3, 'rf__max_features': 'sqrt', 'rf__max_samples': 1, 'rf__min_samples_leaf': 4, 'rf__min_samples_split': 2, 'rf__n_estimators': 100}",-0.002870796020701949,-0.000829742482387763,-0.017531367104386186,-0.026482335743586383,-0.01192856033776557,0.010588090885961085,90
2.7747995257377625,0.01439412463508772,0.6894776225090027,0.005446709570376692,5000,"(1, 2)",True,3,sqrt,0.8,3,2,100,"{'preprocessor__text__tvec__max_features': 5000, 'preprocessor__text__tvec__ngram_range': (1, 2), 'rf__bootstrap': True, 'rf__max_depth': 3, 'rf__max_features': 'sqrt', 'rf__max_samples': 0.8, 'rf__min_samples_leaf': 3, 'rf__min_samples_split': 2, 'rf__n_estimators': 100}",0.20577613239629744,0.18333698132237952,0.2617626059383683,0.18668006102187307,0.20938894516972958,0.03142630664741215,52
4.0672767162323,0.002930496363261679,0.9113377928733826,0.030151964104865595,2500,"(1, 3)",False,3,sqrt,0.9,4,4,100,"{'preprocessor__text__tvec__max_features': 2500, 'preprocessor__text__tvec__ngram_range': (1, 3), 'rf__bootstrap': False, 'rf__max_depth': 3, 'rf__max_features': 'sqrt', 'rf__max_samples': 0.9, 'rf__min_samples_leaf': 4, 'rf__min_samples_split': 4, 'rf__n_estimators': 100}",0.24029843607473644,0.17434767138282337,0.2687579877994426,0.17720753496888686,0.21515290755647232,0.04065316971748965,44
4.073717415332794,0.026690787455144523,0.9881895184516907,0.04221015839037438,7500,"(1, 3)",False,3,sqrt,0.8,4,2,100,"{'preprocessor__text__tvec__max_features': 7500, 'preprocessor__text__tvec__ngram_range': (1, 3), 'rf__bootstrap': False, 'rf__max_depth': 3, 'rf__max_features': 'sqrt', 'rf__max_samples': 0.8, 'rf__min_samples_leaf': 4, 'rf__min_samples_split': 2, 'rf__n_estimators': 100}",0.2515977297362749,0.1586670654781901,0.2589902967916611,0.18286299241588266,0.2130295211055022,0.04320068186288655,47
1.7611606121063232,0.02967785506806789,0.4962913990020752,0.015207757582363887,7500,"(1, 1)",False,2,sqrt,0.8,2,5,200,"{'preprocessor__text__tvec__max_features': 7500, 'preprocessor__text__tvec__ngram_range': (1, 1), 'rf__bootstrap': False, 'rf__max_depth': 2, 'rf__max_features': 'sqrt', 'rf__max_samples': 0.8, 'rf__min_samples_leaf': 2, 'rf__min_samples_split': 5, 'rf__n_estimators': 200}",0.1296256976435577,0.1706741864821235,0.1823339792507438,0.12888810194515687,0.15288049133039547,0.02398199176286779,68
4.434290647506714,0.0281800510945042,0.9859821200370789,0.01212939838884683,2500,"(1, 3)",True,2,sqrt,0.9,3,2,200,"{'preprocessor__text__tvec__max_features': 2500, 'preprocessor__text__tvec__ngram_range': (1, 3), 'rf__bootstrap': True, 'rf__max_depth': 2, 'rf__max_features': 'sqrt', 'rf__max_samples': 0.9, 'rf__min_samples_leaf': 3, 'rf__min_samples_split': 2, 'rf__n_estimators': 200}",0.2066156538988253,0.16701171703482964,0.24105381962757932,0.1616269144463186,0.19407702625188822,0.032208605287794886,55
1.458972692489624,0.029399270542121294,0.44934332370758057,0.015085471224580366,7500,"(1, 1)",True,5,sqrt,1,2,2,150,"{'preprocessor__text__tvec__max_features': 7500, 'preprocessor__text__tvec__ngram_range': (1, 1), 'rf__bootstrap': True, 'rf__max_depth': 5, 'rf__max_features': 'sqrt', 'rf__max_samples': 1, 'rf__min_samples_leaf': 2, 'rf__min_samples_split': 2, 'rf__n_estimators': 150}",-0.00016690221414172868,-1.364276824622479e-06,-0.006211200547662665,-0.011095624232093648,-0.004368772817680666,0.004619930838860673,83
2.6445308923721313,0.014381332407238838,0.6893168687820435,0.019688982639421725,2500,"(1, 2)",True,2,auto,1,2,3,150,"{'preprocessor__text__tvec__max_features': 2500, 'preprocessor__text__tvec__ngram_range': (1, 2), 'rf__bootstrap': True, 'rf__max_depth': 2, 'rf__max_features': 'auto', 'rf__max_samples': 1, 'rf__min_samples_leaf': 2, 'rf__min_samples_split': 3, 'rf__n_estimators': 150}",-0.0010227857502442816,-0.0033874906143891437,-0.005516052078010425,-0.00615699601669184,-0.004020831114833923,0.0020117332337000597,81
35.7260719537735,0.4868244786603456,0.4567638039588928,0.06470763799229852,2500,"(1, 1)",False,4,auto,0.9,2,3,200,"{'preprocessor__text__tvec__max_features': 2500, 'preprocessor__text__tvec__ngram_range': (1, 1), 'rf__bootstrap': False, 'rf__max_depth': 4, 'rf__max_features': 'auto', 'rf__max_samples': 0.9, 'rf__min_samples_leaf': 2, 'rf__min_samples_split': 3, 'rf__n_estimators': 200}",0.2995840610464099,-1.019293142395672,0.4000283473812959,0.022841033584502624,-0.07420992509586588,0.5628554564363718,97
