mean_fit_time,std_fit_time,mean_score_time,std_score_time,param_tvec__max_features,param_tvec__ngram_range,param_xgboost__colsample_bytree,param_xgboost__gamma,param_xgboost__learning_rate,param_xgboost__max_depth,param_xgboost__min_child_weight,param_xgboost__reg_alpha,param_xgboost__reg_lambda,param_xgboost__scale_pos_weight,param_xgboost__subsample,params,split0_test_score,split1_test_score,split2_test_score,split3_test_score,mean_test_score,std_test_score,rank_test_score
4.238399922847748,0.24721785260662818,0.45351535081863403,0.027900554476424658,7500,"(1, 1)",1,0,0.7319939418114051,2,4,6,9,3,0.5499874579090014,"{'tvec__max_features': 7500, 'tvec__ngram_range': (1, 1), 'xgboost__colsample_bytree': 1, 'xgboost__gamma': 0, 'xgboost__learning_rate': 0.7319939418114051, 'xgboost__max_depth': 2, 'xgboost__min_child_weight': 4, 'xgboost__reg_alpha': 6, 'xgboost__reg_lambda': 9, 'xgboost__scale_pos_weight': 3, 'xgboost__subsample': 0.5499874579090014}",0.4622543950361944,0.47428884026258206,0.4885844748858447,0.48680516563728243,0.4779832189554759,0.010621413587278373,98
5.7357529401779175,0.4280017578050727,0.4457009434700012,0.022441671789246505,7500,"(1, 1)",1,0,0.020584494295802447,3,3,5,1,2,0.8087407548138583,"{'tvec__max_features': 7500, 'tvec__ngram_range': (1, 1), 'xgboost__colsample_bytree': 1, 'xgboost__gamma': 0, 'xgboost__learning_rate': 0.020584494295802447, 'xgboost__max_depth': 3, 'xgboost__min_child_weight': 3, 'xgboost__reg_alpha': 5, 'xgboost__reg_lambda': 1, 'xgboost__scale_pos_weight': 2, 'xgboost__subsample': 0.8087407548138583}",0.6062767475035663,0.659468438538206,0.6494156928213689,0.654320987654321,0.6423704666293655,0.02113969825111026,3
3.739387094974518,1.1844801510548004,0.41978317499160767,0.14771384222485723,5000,"(1, 2)",0.8,0,0.43194501864211576,2,2,10,9,3,0.728034992108518,"{'tvec__max_features': 5000, 'tvec__ngram_range': (1, 2), 'xgboost__colsample_bytree': 0.8, 'xgboost__gamma': 0, 'xgboost__learning_rate': 0.43194501864211576, 'xgboost__max_depth': 2, 'xgboost__min_child_weight': 2, 'xgboost__reg_alpha': 10, 'xgboost__reg_lambda': 9, 'xgboost__scale_pos_weight': 3, 'xgboost__subsample': 0.728034992108518}",0.47247956403269753,0.4867605633802817,0.5058548009367682,0.49415204678362573,0.4898117437833433,0.01210301687310895,94
5.590208172798157,0.09351261248130248,0.3516233563423157,0.018181443603562136,7500,"(1, 2)",1,0,0.38246199126716274,5,0,2,4,3,0.8401537692938899,"{'tvec__max_features': 7500, 'tvec__ngram_range': (1, 2), 'xgboost__colsample_bytree': 1, 'xgboost__gamma': 0, 'xgboost__learning_rate': 0.38246199126716274, 'xgboost__max_depth': 5, 'xgboost__min_child_weight': 0, 'xgboost__reg_alpha': 2, 'xgboost__reg_lambda': 4, 'xgboost__scale_pos_weight': 3, 'xgboost__subsample': 0.8401537692938899}",0.5146094215861657,0.5163834951456311,0.5380678182981445,0.5286783042394015,0.5244347598173357,0.009555470775607144,68
3.7859201431274414,0.03204789165499136,0.42206496000289917,0.01591205420929807,2500,"(1, 3)",0.9,0,0.9488855372533332,5,1,9,8,2.5,0.5488360570031919,"{'tvec__max_features': 2500, 'tvec__ngram_range': (1, 3), 'xgboost__colsample_bytree': 0.9, 'xgboost__gamma': 0, 'xgboost__learning_rate': 0.9488855372533332, 'xgboost__max_depth': 5, 'xgboost__min_child_weight': 1, 'xgboost__reg_alpha': 9, 'xgboost__reg_lambda': 8, 'xgboost__scale_pos_weight': 2.5, 'xgboost__subsample': 0.5488360570031919}",0.5073576455534229,0.5183673469387755,0.553223388305847,0.5291637385804638,0.5270280298446274,0.01697564066004212,67
5.3104128241539,0.6019213897092813,0.46250391006469727,0.024465231088930287,7500,"(1, 3)",0.8,0,0.8331949117361643,4,0,3,1,2.5,0.7125779372456224,"{'tvec__max_features': 7500, 'tvec__ngram_range': (1, 3), 'xgboost__colsample_bytree': 0.8, 'xgboost__gamma': 0, 'xgboost__learning_rate': 0.8331949117361643, 'xgboost__max_depth': 4, 'xgboost__min_child_weight': 0, 'xgboost__reg_alpha': 3, 'xgboost__reg_lambda': 1, 'xgboost__scale_pos_weight': 2.5, 'xgboost__subsample': 0.7125779372456224}",0.5268096514745308,0.5239658568614577,0.521476510067114,0.5221843003412969,0.5236090796860999,0.002058445960363974,69
3.5128923654556274,0.024887510762144426,0.3437042832374573,0.01380502001852497,5000,"(1, 2)",0.9,0,0.03131329245555858,3,1,1,9,2.5,0.9633294328968971,"{'tvec__max_features': 5000, 'tvec__ngram_range': (1, 2), 'xgboost__colsample_bytree': 0.9, 'xgboost__gamma': 0, 'xgboost__learning_rate': 0.03131329245555858, 'xgboost__max_depth': 3, 'xgboost__min_child_weight': 1, 'xgboost__reg_alpha': 1, 'xgboost__reg_lambda': 9, 'xgboost__scale_pos_weight': 2.5, 'xgboost__subsample': 0.9633294328968971}",0.5427272727272727,0.5898400752587017,0.5727181544633901,0.5830931796349664,0.5720946705210828,0.018018735925671134,35
3.7976735830307007,0.11818784794831608,0.4263407588005066,0.02051623744427157,7500,"(1, 3)",0.9,0,0.1959828624191452,2,4,1,4,2.5,0.982627653632069,"{'tvec__max_features': 7500, 'tvec__ngram_range': (1, 3), 'xgboost__colsample_bytree': 0.9, 'xgboost__gamma': 0, 'xgboost__learning_rate': 0.1959828624191452, 'xgboost__max_depth': 2, 'xgboost__min_child_weight': 4, 'xgboost__reg_alpha': 1, 'xgboost__reg_lambda': 4, 'xgboost__scale_pos_weight': 2.5, 'xgboost__subsample': 0.982627653632069}",0.5502431118314425,0.5845129059117402,0.6089803554724041,0.5888888888888889,0.583156315526119,0.021123818022723177,29
1.6233125925064087,0.015546534425745788,0.23105359077453613,0.012781120217407549,2500,"(1, 1)",0.8,0,0.8021969807540397,2,0,6,8,2,0.5993578407670862,"{'tvec__max_features': 2500, 'tvec__ngram_range': (1, 1), 'xgboost__colsample_bytree': 0.8, 'xgboost__gamma': 0, 'xgboost__learning_rate': 0.8021969807540397, 'xgboost__max_depth': 2, 'xgboost__min_child_weight': 0, 'xgboost__reg_alpha': 6, 'xgboost__reg_lambda': 8, 'xgboost__scale_pos_weight': 2, 'xgboost__subsample': 0.5993578407670862}",0.5666131621187801,0.5707236842105263,0.5903829029385574,0.5768282662284305,0.5761370038740736,0.008992094797065257,33
5.014304459095001,0.03828828742699114,0.4464111924171448,0.028519985582003537,7500,"(1, 3)",1,0,0.7068573438476171,4,2,0,10,2,0.9631504392566745,"{'tvec__max_features': 7500, 'tvec__ngram_range': (1, 3), 'xgboost__colsample_bytree': 1, 'xgboost__gamma': 0, 'xgboost__learning_rate': 0.7068573438476171, 'xgboost__max_depth': 4, 'xgboost__min_child_weight': 2, 'xgboost__reg_alpha': 0, 'xgboost__reg_lambda': 10, 'xgboost__scale_pos_weight': 2, 'xgboost__subsample': 0.9631504392566745}",0.588042588042588,0.5901502504173622,0.625,0.6206008583690987,0.6059484242072622,0.01694002384078475,14
3.5254008769989014,0.04409072530157528,0.2346082329750061,0.0004968865807123626,5000,"(1, 1)",1,0,0.8500385777897993,5,1,0,6,3,0.8344206263318037,"{'tvec__max_features': 5000, 'tvec__ngram_range': (1, 1), 'xgboost__colsample_bytree': 1, 'xgboost__gamma': 0, 'xgboost__learning_rate': 0.8500385777897993, 'xgboost__max_depth': 5, 'xgboost__min_child_weight': 1, 'xgboost__reg_alpha': 0, 'xgboost__reg_lambda': 6, 'xgboost__scale_pos_weight': 3, 'xgboost__subsample': 0.8344206263318037}",0.49851279000594884,0.5046554934823091,0.507985257985258,0.5076546233925291,0.5047020412165112,0.0038015211131771144,82
2.8789104223251343,0.013612502880151115,0.42177754640579224,0.011045930358025565,2500,"(1, 3)",0.9,0,0.8872127425763265,2,2,4,2,2,0.8608647605824367,"{'tvec__max_features': 2500, 'tvec__ngram_range': (1, 3), 'xgboost__colsample_bytree': 0.9, 'xgboost__gamma': 0, 'xgboost__learning_rate': 0.8872127425763265, 'xgboost__max_depth': 2, 'xgboost__min_child_weight': 2, 'xgboost__reg_alpha': 4, 'xgboost__reg_lambda': 2, 'xgboost__scale_pos_weight': 2, 'xgboost__subsample': 0.8608647605824367}",0.562992125984252,0.5861788617886179,0.601018675721562,0.5647451963241437,0.5787337149546439,0.015775978294159193,31
3.8658443689346313,0.020697313659832694,0.4234437346458435,0.011489098720371642,7500,"(1, 3)",0.9,0,0.49379559636439074,2,1,9,2,3,0.9478817978367597,"{'tvec__max_features': 7500, 'tvec__ngram_range': (1, 3), 'xgboost__colsample_bytree': 0.9, 'xgboost__gamma': 0, 'xgboost__learning_rate': 0.49379559636439074, 'xgboost__max_depth': 2, 'xgboost__min_child_weight': 1, 'xgboost__reg_alpha': 9, 'xgboost__reg_lambda': 2, 'xgboost__scale_pos_weight': 3, 'xgboost__subsample': 0.9478817978367597}",0.4773109243697479,0.5002858776443682,0.5270354257302673,0.5155582672361196,0.5050476237451258,0.018614079220449848,80
2.092065989971161,0.04949256971227802,0.22260361909866333,0.0067644125741118215,2500,"(1, 1)",0.9,0,0.1393314544058757,4,4,10,3,2,0.5384899549143964,"{'tvec__max_features': 2500, 'tvec__ngram_range': (1, 1), 'xgboost__colsample_bytree': 0.9, 'xgboost__gamma': 0, 'xgboost__learning_rate': 0.1393314544058757, 'xgboost__max_depth': 4, 'xgboost__min_child_weight': 4, 'xgboost__reg_alpha': 10, 'xgboost__reg_lambda': 3, 'xgboost__scale_pos_weight': 2, 'xgboost__subsample': 0.5384899549143964}",0.5927306616961789,0.6264478764478765,0.6334371754932503,0.6394279877425945,0.623010925344975,0.018075768513718008,8
3.949057877063751,0.060175718630028414,0.429587185382843,0.013527964786215147,7500,"(1, 3)",0.9,0,0.8804678390152577,3,4,8,4,2.5,0.7282672852414551,"{'tvec__max_features': 7500, 'tvec__ngram_range': (1, 3), 'xgboost__colsample_bytree': 0.9, 'xgboost__gamma': 0, 'xgboost__learning_rate': 0.8804678390152577, 'xgboost__max_depth': 3, 'xgboost__min_child_weight': 4, 'xgboost__reg_alpha': 8, 'xgboost__reg_lambda': 4, 'xgboost__scale_pos_weight': 2.5, 'xgboost__subsample': 0.7282672852414551}",0.5096277278562259,0.5333333333333333,0.5498614958448753,0.5387228260869565,0.5328863457803478,0.014691692616028528,62
3.341757118701935,0.017493332325392467,0.32833027839660645,0.01867355225533154,5000,"(1, 2)",1,0,0.32434502100527396,4,3,8,6,2.5,0.5550259622638384,"{'tvec__max_features': 5000, 'tvec__ngram_range': (1, 2), 'xgboost__colsample_bytree': 1, 'xgboost__gamma': 0, 'xgboost__learning_rate': 0.32434502100527396, 'xgboost__max_depth': 4, 'xgboost__min_child_weight': 3, 'xgboost__reg_alpha': 8, 'xgboost__reg_lambda': 6, 'xgboost__scale_pos_weight': 2.5, 'xgboost__subsample': 0.5550259622638384}",0.5428571428571428,0.5409026798307476,0.5702290076335877,0.5470756062767475,0.5502661091495564,0.011739497589287974,45
2.9288418292999268,0.019969700993435972,0.403109073638916,0.01254042424353961,2500,"(1, 3)",0.9,0,0.0005203769953158188,2,0,2,6,2.5,0.7553736512887829,"{'tvec__max_features': 2500, 'tvec__ngram_range': (1, 3), 'xgboost__colsample_bytree': 0.9, 'xgboost__gamma': 0, 'xgboost__learning_rate': 0.0005203769953158188, 'xgboost__max_depth': 2, 'xgboost__min_child_weight': 0, 'xgboost__reg_alpha': 2, 'xgboost__reg_lambda': 6, 'xgboost__scale_pos_weight': 2.5, 'xgboost__subsample': 0.7553736512887829}",0.537984496124031,0.5537037037037037,0.5771929824561404,0.5722326454033771,0.5602784569218131,0.015566405046094084,41
2.4077402353286743,0.04270115872760487,0.31984132528305054,0.015110289561581685,2500,"(1, 2)",0.8,0,0.6924360328902703,3,3,7,10,2.5,0.6093821097865351,"{'tvec__max_features': 2500, 'tvec__ngram_range': (1, 2), 'xgboost__colsample_bytree': 0.8, 'xgboost__gamma': 0, 'xgboost__learning_rate': 0.6924360328902703, 'xgboost__max_depth': 3, 'xgboost__min_child_weight': 3, 'xgboost__reg_alpha': 7, 'xgboost__reg_lambda': 10, 'xgboost__scale_pos_weight': 2.5, 'xgboost__subsample': 0.6093821097865351}",0.5312075983717774,0.5341225626740947,0.5560571858540256,0.5308641975308642,0.5380628861076905,0.01046586187672317,57
2.5052629113197327,0.011553660738676447,0.2295222282409668,0.01038111004238806,2500,"(1, 1)",0.9,0,0.9717820827209607,5,3,6,1,3,0.6504391549083848,"{'tvec__max_features': 2500, 'tvec__ngram_range': (1, 1), 'xgboost__colsample_bytree': 0.9, 'xgboost__gamma': 0, 'xgboost__learning_rate': 0.9717820827209607, 'xgboost__max_depth': 5, 'xgboost__min_child_weight': 3, 'xgboost__reg_alpha': 6, 'xgboost__reg_lambda': 1, 'xgboost__scale_pos_weight': 3, 'xgboost__subsample': 0.6504391549083848}",0.4796839729119639,0.48552864737152984,0.5064298836497244,0.5015253203172666,0.4932919560626212,0.011020884668385151,91
2.011799991130829,0.020954732311423856,0.22175204753875732,0.008586018639060031,2500,"(1, 1)",1,0,0.6095643339798968,3,3,5,6,2,0.6725356240133415,"{'tvec__max_features': 2500, 'tvec__ngram_range': (1, 1), 'xgboost__colsample_bytree': 1, 'xgboost__gamma': 0, 'xgboost__learning_rate': 0.6095643339798968, 'xgboost__max_depth': 3, 'xgboost__min_child_weight': 3, 'xgboost__reg_alpha': 5, 'xgboost__reg_lambda': 6, 'xgboost__scale_pos_weight': 2, 'xgboost__subsample': 0.6725356240133415}",0.5840130505709625,0.6011705685618729,0.6154521510096576,0.5918189730200174,0.5981136857906276,0.011709165543402204,20
4.285868942737579,0.03029290035776118,0.42863816022872925,0.009018502606947601,2500,"(1, 3)",0.9,0,0.1448948720912231,5,1,5,6,3,0.8808098076643588,"{'tvec__max_features': 2500, 'tvec__ngram_range': (1, 3), 'xgboost__colsample_bytree': 0.9, 'xgboost__gamma': 0, 'xgboost__learning_rate': 0.1448948720912231, 'xgboost__max_depth': 5, 'xgboost__min_child_weight': 1, 'xgboost__reg_alpha': 5, 'xgboost__reg_lambda': 6, 'xgboost__scale_pos_weight': 3, 'xgboost__subsample': 0.8808098076643588}",0.5106512477175897,0.5039852851011649,0.5284237726098191,0.5340179717586649,0.5192695692968097,0.012340984803580866,71
2.2896223068237305,0.015408565067868505,0.23433053493499756,0.022079049974766427,7500,"(1, 1)",1,0,0.8031397563798959,2,3,1,5,2.5,0.7678873420373793,"{'tvec__max_features': 7500, 'tvec__ngram_range': (1, 1), 'xgboost__colsample_bytree': 1, 'xgboost__gamma': 0, 'xgboost__learning_rate': 0.8031397563798959, 'xgboost__max_depth': 2, 'xgboost__min_child_weight': 3, 'xgboost__reg_alpha': 1, 'xgboost__reg_lambda': 5, 'xgboost__scale_pos_weight': 2.5, 'xgboost__subsample': 0.7678873420373793}",0.5152268489745183,0.5110389610389611,0.5412907702984039,0.5187096774193548,0.5215665644328095,0.011707140190352417,70
1.8146966695785522,0.005093444670689433,0.21562451124191284,0.006656692192646431,2500,"(1, 1)",1,0,0.18651851039985423,2,2,3,10,3,0.855574766219009,"{'tvec__max_features': 2500, 'tvec__ngram_range': (1, 1), 'xgboost__colsample_bytree': 1, 'xgboost__gamma': 0, 'xgboost__learning_rate': 0.18651851039985423, 'xgboost__max_depth': 2, 'xgboost__min_child_weight': 2, 'xgboost__reg_alpha': 3, 'xgboost__reg_lambda': 10, 'xgboost__scale_pos_weight': 3, 'xgboost__subsample': 0.855574766219009}",0.48679678530424797,0.4842946887492861,0.4907792980368828,0.4934131736526946,0.48882098643577787,0.0035180935437344203,95
3.7379944920539856,0.021408569890152985,0.4334937334060669,0.012951288378989788,7500,"(1, 3)",1,0,0.17436642900499144,2,1,7,0,3,0.6705331755251293,"{'tvec__max_features': 7500, 'tvec__ngram_range': (1, 3), 'xgboost__colsample_bytree': 1, 'xgboost__gamma': 0, 'xgboost__learning_rate': 0.17436642900499144, 'xgboost__max_depth': 2, 'xgboost__min_child_weight': 1, 'xgboost__reg_alpha': 7, 'xgboost__reg_lambda': 0, 'xgboost__scale_pos_weight': 3, 'xgboost__subsample': 0.6705331755251293}",0.4920245398773006,0.4951289398280802,0.5050568900126422,0.49553305539011316,0.496935856277034,0.00488121437490258,88
2.7381961345672607,0.035886441021610316,0.32890230417251587,0.011856896747470206,2500,"(1, 2)",1,0,0.5414479738275658,3,2,6,9,2,0.7583179456355071,"{'tvec__max_features': 2500, 'tvec__ngram_range': (1, 2), 'xgboost__colsample_bytree': 1, 'xgboost__gamma': 0, 'xgboost__learning_rate': 0.5414479738275658, 'xgboost__max_depth': 3, 'xgboost__min_child_weight': 2, 'xgboost__reg_alpha': 6, 'xgboost__reg_lambda': 9, 'xgboost__scale_pos_weight': 2, 'xgboost__subsample': 0.7583179456355071}",0.5873417721518988,0.606244579358196,0.6158088235294118,0.5984251968503937,0.6019550929724751,0.010444314910936732,18
3.1369672417640686,0.10553942808428922,0.320819616317749,0.023803088906189068,2500,"(1, 2)",0.8,0,0.09310276780589921,5,4,4,10,3,0.6695148955243504,"{'tvec__max_features': 2500, 'tvec__ngram_range': (1, 2), 'xgboost__colsample_bytree': 0.8, 'xgboost__gamma': 0, 'xgboost__learning_rate': 0.09310276780589921, 'xgboost__max_depth': 5, 'xgboost__min_child_weight': 4, 'xgboost__reg_alpha': 4, 'xgboost__reg_lambda': 10, 'xgboost__scale_pos_weight': 3, 'xgboost__subsample': 0.6695148955243504}",0.5045871559633027,0.4984875983061101,0.5170913610938471,0.5114127082048119,0.507894705892018,0.007006931690082756,78
4.795116305351257,0.03673506945576086,0.45373666286468506,0.019724011620777963,7500,"(1, 3)",1,0,0.8563242918780924,3,0,7,3,3,0.9678174971104738,"{'tvec__max_features': 7500, 'tvec__ngram_range': (1, 3), 'xgboost__colsample_bytree': 1, 'xgboost__gamma': 0, 'xgboost__learning_rate': 0.8563242918780924, 'xgboost__max_depth': 3, 'xgboost__min_child_weight': 0, 'xgboost__reg_alpha': 7, 'xgboost__reg_lambda': 3, 'xgboost__scale_pos_weight': 3, 'xgboost__subsample': 0.9678174971104738}",0.49710982658959535,0.5050147492625369,0.5186522262334536,0.5083732057416268,0.5072875019568032,0.007731206103872676,79
2.7630324959754944,0.024238794119719204,0.3397655487060547,0.012951971303478608,5000,"(1, 2)",1,0,0.3722827665617431,2,2,8,1,2.5,0.7743668946832931,"{'tvec__max_features': 5000, 'tvec__ngram_range': (1, 2), 'xgboost__colsample_bytree': 1, 'xgboost__gamma': 0, 'xgboost__learning_rate': 0.3722827665617431, 'xgboost__max_depth': 2, 'xgboost__min_child_weight': 2, 'xgboost__reg_alpha': 8, 'xgboost__reg_lambda': 1, 'xgboost__scale_pos_weight': 2.5, 'xgboost__subsample': 0.7743668946832931}",0.5487627365356623,0.549962434259955,0.5638801261829653,0.5626911314984709,0.5563241071192634,0.00698708863203874,43
3.239785134792328,0.014730862661009966,0.4298897981643677,0.01732877603717389,5000,"(1, 3)",0.8,0,0.22426930946055978,2,3,0,4,3,0.8604699621260646,"{'tvec__max_features': 5000, 'tvec__ngram_range': (1, 3), 'xgboost__colsample_bytree': 0.8, 'xgboost__gamma': 0, 'xgboost__learning_rate': 0.22426930946055978, 'xgboost__max_depth': 2, 'xgboost__min_child_weight': 3, 'xgboost__reg_alpha': 0, 'xgboost__reg_lambda': 4, 'xgboost__scale_pos_weight': 3, 'xgboost__subsample': 0.8604699621260646}",0.4955542382928275,0.4930795847750865,0.5152079453755432,0.5089498806682577,0.5031979122779288,0.00919418754994731,85
3.2676013708114624,0.042175033760563016,0.42263489961624146,0.022508327878076276,2500,"(1, 3)",1,0,0.6363326181858954,3,4,2,5,3,0.7171971827552144,"{'tvec__max_features': 2500, 'tvec__ngram_range': (1, 3), 'xgboost__colsample_bytree': 1, 'xgboost__gamma': 0, 'xgboost__learning_rate': 0.6363326181858954, 'xgboost__max_depth': 3, 'xgboost__min_child_weight': 4, 'xgboost__reg_alpha': 2, 'xgboost__reg_lambda': 5, 'xgboost__scale_pos_weight': 3, 'xgboost__subsample': 0.7171971827552144}",0.4896174863387978,0.49490373725934317,0.4966367713004484,0.49970777323202803,0.49521644203265436,0.003661812403320246,89
3.6491894721984863,0.04712666288821428,0.3286226987838745,0.0015124285897197348,2500,"(1, 2)",0.8,0,0.5769038846263591,5,0,4,2,3,0.8842770071531545,"{'tvec__max_features': 2500, 'tvec__ngram_range': (1, 2), 'xgboost__colsample_bytree': 0.8, 'xgboost__gamma': 0, 'xgboost__learning_rate': 0.5769038846263591, 'xgboost__max_depth': 5, 'xgboost__min_child_weight': 0, 'xgboost__reg_alpha': 4, 'xgboost__reg_lambda': 2, 'xgboost__scale_pos_weight': 3, 'xgboost__subsample': 0.8842770071531545}",0.5073399882560188,0.49939540507859737,0.5091687041564792,0.5224159402241594,0.5095800094288137,0.0082715499157499,77
2.524389326572418,0.018755371558849855,0.32473695278167725,0.00717268342334451,2500,"(1, 2)",0.8,0,0.2795603417967586,3,2,8,4,2,0.7140920741586572,"{'tvec__max_features': 2500, 'tvec__ngram_range': (1, 2), 'xgboost__colsample_bytree': 0.8, 'xgboost__gamma': 0, 'xgboost__learning_rate': 0.2795603417967586, 'xgboost__max_depth': 3, 'xgboost__min_child_weight': 2, 'xgboost__reg_alpha': 8, 'xgboost__reg_lambda': 4, 'xgboost__scale_pos_weight': 2, 'xgboost__subsample': 0.7140920741586572}",0.6036529680365297,0.6049046321525886,0.6399594320486816,0.6226235741444867,0.6177851515955716,0.014838593596113999,10
3.7826493978500366,0.045906132439812584,0.4302513599395752,0.01658943504363133,2500,"(1, 3)",1,0,0.9803315837160457,5,4,4,6,2,0.6584610025781388,"{'tvec__max_features': 2500, 'tvec__ngram_range': (1, 3), 'xgboost__colsample_bytree': 1, 'xgboost__gamma': 0, 'xgboost__learning_rate': 0.9803315837160457, 'xgboost__max_depth': 5, 'xgboost__min_child_weight': 4, 'xgboost__reg_alpha': 4, 'xgboost__reg_lambda': 6, 'xgboost__scale_pos_weight': 2, 'xgboost__subsample': 0.6584610025781388}",0.5384041759880686,0.5529676934635612,0.575487012987013,0.5662460567823344,0.5582762348052444,0.013989355603263186,42
2.4573654532432556,0.01976578479138418,0.23041540384292603,0.0067639308858480395,5000,"(1, 1)",0.9,0,0.936154774160781,3,2,7,7,2.5,0.8075036133495849,"{'tvec__max_features': 5000, 'tvec__ngram_range': (1, 1), 'xgboost__colsample_bytree': 0.9, 'xgboost__gamma': 0, 'xgboost__learning_rate': 0.936154774160781, 'xgboost__max_depth': 3, 'xgboost__min_child_weight': 2, 'xgboost__reg_alpha': 7, 'xgboost__reg_lambda': 7, 'xgboost__scale_pos_weight': 2.5, 'xgboost__subsample': 0.8075036133495849}",0.5222804718217562,0.545583038869258,0.5542857142857143,0.5485471296952515,0.542674088667995,0.012182816379418763,52
3.6665320992469788,0.011460582848410809,0.43349337577819824,0.020292147902557588,5000,"(1, 3)",0.9,0,0.25416364906973876,3,1,9,0,2,0.5683106657210144,"{'tvec__max_features': 5000, 'tvec__ngram_range': (1, 3), 'xgboost__colsample_bytree': 0.9, 'xgboost__gamma': 0, 'xgboost__learning_rate': 0.25416364906973876, 'xgboost__max_depth': 3, 'xgboost__min_child_weight': 1, 'xgboost__reg_alpha': 9, 'xgboost__reg_lambda': 0, 'xgboost__scale_pos_weight': 2, 'xgboost__subsample': 0.5683106657210144}",0.6012601260126013,0.6207865168539326,0.6312741312741312,0.62152133580705,0.6187105274869288,0.010892325589622675,9
3.425503373146057,0.027097677877654377,0.41305792331695557,0.020327264769787922,5000,"(1, 3)",0.8,0,0.2965101436477985,3,2,1,8,2,0.5407970902001202,"{'tvec__max_features': 5000, 'tvec__ngram_range': (1, 3), 'xgboost__colsample_bytree': 0.8, 'xgboost__gamma': 0, 'xgboost__learning_rate': 0.2965101436477985, 'xgboost__max_depth': 3, 'xgboost__min_child_weight': 2, 'xgboost__reg_alpha': 1, 'xgboost__reg_lambda': 8, 'xgboost__scale_pos_weight': 2, 'xgboost__subsample': 0.5407970902001202}",0.5925925925925926,0.6096256684491979,0.615311004784689,0.6236059479553904,0.6102838034454674,0.011359625552395353,12
3.215673327445984,0.03335791436463656,0.23073405027389526,0.0069434338113678554,7500,"(1, 1)",0.8,0,0.19427395351204224,5,3,2,6,3,0.687791476319972,"{'tvec__max_features': 7500, 'tvec__ngram_range': (1, 1), 'xgboost__colsample_bytree': 0.8, 'xgboost__gamma': 0, 'xgboost__learning_rate': 0.19427395351204224, 'xgboost__max_depth': 5, 'xgboost__min_child_weight': 3, 'xgboost__reg_alpha': 2, 'xgboost__reg_lambda': 6, 'xgboost__scale_pos_weight': 3, 'xgboost__subsample': 0.687791476319972}",0.49515669515669514,0.5078502415458938,0.5303867403314917,0.5060024009603842,0.5098490194986162,0.012810678739437401,76
3.2163046002388,0.022826649723365403,0.40497714281082153,0.009415996981977138,5000,"(1, 3)",1,0,0.035942273796742086,2,1,5,9,2.5,0.5152501249695247,"{'tvec__max_features': 5000, 'tvec__ngram_range': (1, 3), 'xgboost__colsample_bytree': 1, 'xgboost__gamma': 0, 'xgboost__learning_rate': 0.035942273796742086, 'xgboost__max_depth': 2, 'xgboost__min_child_weight': 1, 'xgboost__reg_alpha': 5, 'xgboost__reg_lambda': 9, 'xgboost__scale_pos_weight': 2.5, 'xgboost__subsample': 0.5152501249695247}",0.5165505226480837,0.531895777178796,0.5368007850834151,0.536205316223648,0.5303631002834857,0.008196213639146969,63
3.6876251101493835,0.03486800581922687,0.3163321614265442,0.006763862074340501,5000,"(1, 2)",1,0,0.3601906414112629,5,4,0,7,2,0.635771457909871,"{'tvec__max_features': 5000, 'tvec__ngram_range': (1, 2), 'xgboost__colsample_bytree': 1, 'xgboost__gamma': 0, 'xgboost__learning_rate': 0.3601906414112629, 'xgboost__max_depth': 5, 'xgboost__min_child_weight': 4, 'xgboost__reg_alpha': 0, 'xgboost__reg_lambda': 7, 'xgboost__scale_pos_weight': 2, 'xgboost__subsample': 0.635771457909871}",0.5883306320907618,0.6030664395229983,0.6175406871609403,0.6129597197898424,0.6054743696411358,0.011195226102980495,15
4.403622210025787,0.06569163338778156,0.4265829920768738,0.030240635879021715,2500,"(1, 3)",0.9,0,0.0516817211686077,5,2,6,7,2,0.9847684335570794,"{'tvec__max_features': 2500, 'tvec__ngram_range': (1, 3), 'xgboost__colsample_bytree': 0.9, 'xgboost__gamma': 0, 'xgboost__learning_rate': 0.0516817211686077, 'xgboost__max_depth': 5, 'xgboost__min_child_weight': 2, 'xgboost__reg_alpha': 6, 'xgboost__reg_lambda': 7, 'xgboost__scale_pos_weight': 2, 'xgboost__subsample': 0.9847684335570794}",0.6217105263157895,0.6640449438202247,0.6588511137162955,0.7049608355091384,0.662391854840362,0.029505754339559983,1
3.314454972743988,0.021756144948373204,0.32447534799575806,0.006976760098442898,5000,"(1, 2)",1,0,0.7951861947687037,4,2,9,6,2.5,0.5126753717077288,"{'tvec__max_features': 5000, 'tvec__ngram_range': (1, 2), 'xgboost__colsample_bytree': 1, 'xgboost__gamma': 0, 'xgboost__learning_rate': 0.7951861947687037, 'xgboost__max_depth': 4, 'xgboost__min_child_weight': 2, 'xgboost__reg_alpha': 9, 'xgboost__reg_lambda': 6, 'xgboost__scale_pos_weight': 2.5, 'xgboost__subsample': 0.5126753717077288}",0.5042071197411003,0.5050100200400801,0.5453237410071943,0.5174029451137885,0.5179859564755408,0.016627730102741975,72
3.1332566142082214,0.011331993617729765,0.30463707447052,0.0077893738913246205,2500,"(1, 2)",1,0,0.42831447494010777,5,4,0,9,2.5,0.5782185213355431,"{'tvec__max_features': 2500, 'tvec__ngram_range': (1, 2), 'xgboost__colsample_bytree': 1, 'xgboost__gamma': 0, 'xgboost__learning_rate': 0.42831447494010777, 'xgboost__max_depth': 5, 'xgboost__min_child_weight': 4, 'xgboost__reg_alpha': 0, 'xgboost__reg_lambda': 9, 'xgboost__scale_pos_weight': 2.5, 'xgboost__subsample': 0.5782185213355431}",0.5335994677312043,0.5290858725761773,0.5556353194544149,0.5574589578872234,0.543944904412255,0.012719221010044844,50
3.82645183801651,0.04037938417485282,0.32053762674331665,0.008120536582606787,5000,"(1, 2)",0.9,0,0.7145959227000623,5,4,4,0,2,0.8689484583478843,"{'tvec__max_features': 5000, 'tvec__ngram_range': (1, 2), 'xgboost__colsample_bytree': 0.9, 'xgboost__gamma': 0, 'xgboost__learning_rate': 0.7145959227000623, 'xgboost__max_depth': 5, 'xgboost__min_child_weight': 4, 'xgboost__reg_alpha': 4, 'xgboost__reg_lambda': 0, 'xgboost__scale_pos_weight': 2, 'xgboost__subsample': 0.8689484583478843}",0.5748218527315915,0.5831960461285008,0.5880370682392586,0.5977198697068404,0.5859437092015478,0.00828108465130738,27
2.882075846195221,0.1213216933665529,0.2304149866104126,0.006764102905514137,7500,"(1, 1)",0.9,0,0.7300393165618185,4,3,9,2,2,0.5600823239028211,"{'tvec__max_features': 7500, 'tvec__ngram_range': (1, 1), 'xgboost__colsample_bytree': 0.9, 'xgboost__gamma': 0, 'xgboost__learning_rate': 0.7300393165618185, 'xgboost__max_depth': 4, 'xgboost__min_child_weight': 3, 'xgboost__reg_alpha': 9, 'xgboost__reg_lambda': 2, 'xgboost__scale_pos_weight': 2, 'xgboost__subsample': 0.5600823239028211}",0.5672235481304694,0.5752864157119476,0.5764006791171478,0.5782932891466446,0.5743009830265524,0.004225174378505748,34
2.5361112356185913,0.031429071586964626,0.3153964877128601,0.010957145248470431,2500,"(1, 2)",0.8,0,0.09415698826856012,3,3,4,9,2.5,0.7458079375584161,"{'tvec__max_features': 2500, 'tvec__ngram_range': (1, 2), 'xgboost__colsample_bytree': 0.8, 'xgboost__gamma': 0, 'xgboost__learning_rate': 0.09415698826856012, 'xgboost__max_depth': 3, 'xgboost__min_child_weight': 3, 'xgboost__reg_alpha': 4, 'xgboost__reg_lambda': 9, 'xgboost__scale_pos_weight': 2.5, 'xgboost__subsample': 0.7458079375584161}",0.5400641025641025,0.5566112430720507,0.5797356828193833,0.5753311258278145,0.5629355385708378,0.015803438935746112,38
3.422029137611389,0.02489970046174744,0.22288751602172852,0.013215852146791373,7500,"(1, 1)",0.9,0,0.43385164923797304,4,1,9,5,2,0.9433401936490238,"{'tvec__max_features': 7500, 'tvec__ngram_range': (1, 1), 'xgboost__colsample_bytree': 0.9, 'xgboost__gamma': 0, 'xgboost__learning_rate': 0.43385164923797304, 'xgboost__max_depth': 4, 'xgboost__min_child_weight': 1, 'xgboost__reg_alpha': 9, 'xgboost__reg_lambda': 5, 'xgboost__scale_pos_weight': 2, 'xgboost__subsample': 0.9433401936490238}",0.6111603188662533,0.608540925266904,0.6441005802707931,0.6335807050092764,0.6243456323533068,0.014993213398255396,6
4.729515552520752,0.033651950422958044,0.3344230651855469,0.006689905993909003,7500,"(1, 2)",0.9,0,0.933436308079483,5,0,7,4,2,0.5814672135407148,"{'tvec__max_features': 7500, 'tvec__ngram_range': (1, 2), 'xgboost__colsample_bytree': 0.9, 'xgboost__gamma': 0, 'xgboost__learning_rate': 0.933436308079483, 'xgboost__max_depth': 5, 'xgboost__min_child_weight': 0, 'xgboost__reg_alpha': 7, 'xgboost__reg_lambda': 4, 'xgboost__scale_pos_weight': 2, 'xgboost__subsample': 0.5814672135407148}",0.5662745098039216,0.5525691699604743,0.5594347464671654,0.5794165316045381,0.5644237394590248,0.00992005590025706,37
4.171056807041168,0.009693142424517688,0.33196431398391724,0.012938513360449337,7500,"(1, 2)",0.8,0,0.8671989335550038,5,2,3,7,2.5,0.7866835208359666,"{'tvec__max_features': 7500, 'tvec__ngram_range': (1, 2), 'xgboost__colsample_bytree': 0.8, 'xgboost__gamma': 0, 'xgboost__learning_rate': 0.8671989335550038, 'xgboost__max_depth': 5, 'xgboost__min_child_weight': 2, 'xgboost__reg_alpha': 3, 'xgboost__reg_lambda': 7, 'xgboost__scale_pos_weight': 2.5, 'xgboost__subsample': 0.7866835208359666}",0.525,0.5406162464985994,0.5557909604519774,0.5390410958904109,0.5401120757102469,0.010904167150395154,54
1.618865430355072,0.014858911063847825,0.21508949995040894,0.006949062013246718,2500,"(1, 1)",0.8,0,0.5456167893159349,2,3,2,0,2,0.8257423859288939,"{'tvec__max_features': 2500, 'tvec__ngram_range': (1, 1), 'xgboost__colsample_bytree': 0.8, 'xgboost__gamma': 0, 'xgboost__learning_rate': 0.5456167893159349, 'xgboost__max_depth': 2, 'xgboost__min_child_weight': 3, 'xgboost__reg_alpha': 2, 'xgboost__reg_lambda': 0, 'xgboost__scale_pos_weight': 2, 'xgboost__subsample': 0.8257423859288939}",0.5678391959798995,0.5933098591549296,0.605595667870036,0.6068222621184919,0.5933917462808392,0.015670465773263944,22
2.666811764240265,0.008643218420171956,0.222625732421875,0.00675276785376166,7500,"(1, 1)",0.8,0,0.21458911970837413,3,1,2,1,3,0.6682771074443632,"{'tvec__max_features': 7500, 'tvec__ngram_range': (1, 1), 'xgboost__colsample_bytree': 0.8, 'xgboost__gamma': 0, 'xgboost__learning_rate': 0.21458911970837413, 'xgboost__max_depth': 3, 'xgboost__min_child_weight': 1, 'xgboost__reg_alpha': 2, 'xgboost__reg_lambda': 1, 'xgboost__scale_pos_weight': 3, 'xgboost__subsample': 0.6682771074443632}",0.5031847133757962,0.5029239766081871,0.5281111813013266,0.510548523206751,0.5111920986230152,0.010236571791149403,75
2.3880931735038757,0.023108236676630943,0.21926110982894897,0.011073088937201984,5000,"(1, 1)",0.9,0,0.6816136689727897,3,1,2,8,3,0.5590824138108281,"{'tvec__max_features': 5000, 'tvec__ngram_range': (1, 1), 'xgboost__colsample_bytree': 0.9, 'xgboost__gamma': 0, 'xgboost__learning_rate': 0.6816136689727897, 'xgboost__max_depth': 3, 'xgboost__min_child_weight': 1, 'xgboost__reg_alpha': 2, 'xgboost__reg_lambda': 8, 'xgboost__scale_pos_weight': 3, 'xgboost__subsample': 0.5590824138108281}",0.4668753260302556,0.48237269166200336,0.4914187643020595,0.5067055393586006,0.48684308033822976,0.014440825366758942,96
2.898283302783966,0.013716976740901884,0.3163328170776367,0.012954487301024114,2500,"(1, 2)",0.8,0,0.9366481518557073,5,3,8,4,2,0.6410172862856532,"{'tvec__max_features': 2500, 'tvec__ngram_range': (1, 2), 'xgboost__colsample_bytree': 0.8, 'xgboost__gamma': 0, 'xgboost__learning_rate': 0.9366481518557073, 'xgboost__max_depth': 5, 'xgboost__min_child_weight': 3, 'xgboost__reg_alpha': 8, 'xgboost__reg_lambda': 4, 'xgboost__scale_pos_weight': 2, 'xgboost__subsample': 0.6410172862856532}",0.5564885496183206,0.572435395458105,0.5782029950083195,0.573024740622506,0.5700379201768127,0.008138225753114998,36
2.7463508248329163,0.012367296219670672,0.22294527292251587,0.006589309434588909,5000,"(1, 1)",0.8,0,0.5685202837499583,4,0,2,3,2.5,0.6250082246080524,"{'tvec__max_features': 5000, 'tvec__ngram_range': (1, 1), 'xgboost__colsample_bytree': 0.8, 'xgboost__gamma': 0, 'xgboost__learning_rate': 0.5685202837499583, 'xgboost__max_depth': 4, 'xgboost__min_child_weight': 0, 'xgboost__reg_alpha': 2, 'xgboost__reg_lambda': 3, 'xgboost__scale_pos_weight': 2.5, 'xgboost__subsample': 0.6250082246080524}",0.5222929936305732,0.5326241134751774,0.5387840670859538,0.5439093484419264,0.5344026306584078,0.00805265640178823,61
3.405483663082123,0.02378224267599341,0.3286318778991699,0.010251637111423526,7500,"(1, 2)",0.8,0,0.23859685979034018,4,4,6,8,3,0.5515619344179663,"{'tvec__max_features': 7500, 'tvec__ngram_range': (1, 2), 'xgboost__colsample_bytree': 0.8, 'xgboost__gamma': 0, 'xgboost__learning_rate': 0.23859685979034018, 'xgboost__max_depth': 4, 'xgboost__min_child_weight': 4, 'xgboost__reg_alpha': 6, 'xgboost__reg_lambda': 8, 'xgboost__scale_pos_weight': 3, 'xgboost__subsample': 0.5515619344179663}",0.49114791547687037,0.5042067307692307,0.517976843388178,0.5011904761904762,0.5036304914561889,0.009590597518908195,84
1.5385838747024536,0.023914203745315072,0.21479374170303345,0.0067647569117592725,2500,"(1, 1)",0.9,0,0.4965611906830777,2,4,10,2,2,0.5267426483736845,"{'tvec__max_features': 2500, 'tvec__ngram_range': (1, 1), 'xgboost__colsample_bytree': 0.9, 'xgboost__gamma': 0, 'xgboost__learning_rate': 0.4965611906830777, 'xgboost__max_depth': 2, 'xgboost__min_child_weight': 4, 'xgboost__reg_alpha': 10, 'xgboost__reg_lambda': 2, 'xgboost__scale_pos_weight': 2, 'xgboost__subsample': 0.5267426483736845}",0.5837742504409171,0.6,0.6235408560311284,0.6044985941893158,0.6029534251653403,0.01416680380575905,16
2.5862417221069336,0.035143717358932104,0.22039103507995605,0.005511971799032023,2500,"(1, 1)",1,0,0.09128667678613356,4,3,3,2,2.5,0.8159186060848996,"{'tvec__max_features': 2500, 'tvec__ngram_range': (1, 1), 'xgboost__colsample_bytree': 1, 'xgboost__gamma': 0, 'xgboost__learning_rate': 0.09128667678613356, 'xgboost__max_depth': 4, 'xgboost__min_child_weight': 3, 'xgboost__reg_alpha': 3, 'xgboost__reg_lambda': 2, 'xgboost__scale_pos_weight': 2.5, 'xgboost__subsample': 0.8159186060848996}",0.5644122383252818,0.5768,0.5966010733452594,0.5991596638655462,0.5842432438840218,0.01435170891432496,28
3.0860555768013,0.02044748112194299,0.22607392072677612,0.012101250223848146,2500,"(1, 1)",1,0,0.602440925901119,5,2,4,3,2,0.8957895218629243,"{'tvec__max_features': 2500, 'tvec__ngram_range': (1, 1), 'xgboost__colsample_bytree': 1, 'xgboost__gamma': 0, 'xgboost__learning_rate': 0.602440925901119, 'xgboost__max_depth': 5, 'xgboost__min_child_weight': 2, 'xgboost__reg_alpha': 4, 'xgboost__reg_lambda': 3, 'xgboost__scale_pos_weight': 2, 'xgboost__subsample': 0.8957895218629243}",0.5768621236133122,0.6087321578505458,0.6072041166380789,0.6079258010118044,0.6001810497784353,0.013474034348861246,19
3.1674625873565674,0.04994314447452856,0.4022795557975769,0.006758926790121383,2500,"(1, 3)",0.8,0,0.9309291056872926,3,1,4,2,3,0.7729578850824945,"{'tvec__max_features': 2500, 'tvec__ngram_range': (1, 3), 'xgboost__colsample_bytree': 0.8, 'xgboost__gamma': 0, 'xgboost__learning_rate': 0.9309291056872926, 'xgboost__max_depth': 3, 'xgboost__min_child_weight': 1, 'xgboost__reg_alpha': 4, 'xgboost__reg_lambda': 2, 'xgboost__scale_pos_weight': 3, 'xgboost__subsample': 0.7729578850824945}",0.4816072439162422,0.4942528735632184,0.5170965806838632,0.4954954954954955,0.49711304841470483,0.012753123271620134,87
3.6627434492111206,0.02227211911752703,0.32291722297668457,0.01046373950049029,7500,"(1, 2)",1,0,0.14299168205283586,3,1,0,5,3,0.7130457375234706,"{'tvec__max_features': 7500, 'tvec__ngram_range': (1, 2), 'xgboost__colsample_bytree': 1, 'xgboost__gamma': 0, 'xgboost__learning_rate': 0.14299168205283586, 'xgboost__max_depth': 3, 'xgboost__min_child_weight': 1, 'xgboost__reg_alpha': 0, 'xgboost__reg_lambda': 5, 'xgboost__scale_pos_weight': 3, 'xgboost__subsample': 0.7130457375234706}",0.49105011933174225,0.4988249118683901,0.5099255583126551,0.5148264984227129,0.5036567719838752,0.009305039414498915,83
2.3449865579605103,0.01252764276865043,0.22262471914291382,0.012935601662961356,5000,"(1, 1)",0.9,0,0.8918969087767766,3,4,4,5,3,0.7906527086133912,"{'tvec__max_features': 5000, 'tvec__ngram_range': (1, 1), 'xgboost__colsample_bytree': 0.9, 'xgboost__gamma': 0, 'xgboost__learning_rate': 0.8918969087767766, 'xgboost__max_depth': 3, 'xgboost__min_child_weight': 4, 'xgboost__reg_alpha': 4, 'xgboost__reg_lambda': 5, 'xgboost__scale_pos_weight': 3, 'xgboost__subsample': 0.7906527086133912}",0.48520084566596194,0.49031890660592253,0.5067607289829512,0.4893739230327398,0.4929136010718939,0.008223309968156487,92
2.7451542019844055,0.07089059032929626,0.2272336483001709,0.005878085922933163,2500,"(1, 1)",0.9,0,0.8127995672575026,4,0,3,3,2.5,0.8540905977915999,"{'tvec__max_features': 2500, 'tvec__ngram_range': (1, 1), 'xgboost__colsample_bytree': 0.9, 'xgboost__gamma': 0, 'xgboost__learning_rate': 0.8127995672575026, 'xgboost__max_depth': 4, 'xgboost__min_child_weight': 0, 'xgboost__reg_alpha': 3, 'xgboost__reg_lambda': 3, 'xgboost__scale_pos_weight': 2.5, 'xgboost__subsample': 0.8540905977915999}",0.5347938144329897,0.5341144038594073,0.5353951890034364,0.545774647887324,0.5375195137957893,0.004787593481798473,58
2.999847173690796,0.020052729927267355,0.23011213541030884,0.006611962100188835,7500,"(1, 1)",0.9,0,0.7050843642966599,3,1,2,6,2.5,0.7463125521454296,"{'tvec__max_features': 7500, 'tvec__ngram_range': (1, 1), 'xgboost__colsample_bytree': 0.9, 'xgboost__gamma': 0, 'xgboost__learning_rate': 0.7050843642966599, 'xgboost__max_depth': 3, 'xgboost__min_child_weight': 1, 'xgboost__reg_alpha': 2, 'xgboost__reg_lambda': 6, 'xgboost__scale_pos_weight': 2.5, 'xgboost__subsample': 0.7463125521454296}",0.51994851994852,0.5218525766470972,0.5378735232800556,0.5357390700902152,0.528853422491472,0.00801691170162265,66
3.543680965900421,0.023462376624381897,0.3241625428199768,0.006752661677957004,2500,"(1, 2)",0.9,0,0.05630327568183735,5,4,8,6,2,0.8405197135484546,"{'tvec__max_features': 2500, 'tvec__ngram_range': (1, 2), 'xgboost__colsample_bytree': 0.9, 'xgboost__gamma': 0, 'xgboost__learning_rate': 0.05630327568183735, 'xgboost__max_depth': 5, 'xgboost__min_child_weight': 4, 'xgboost__reg_alpha': 8, 'xgboost__reg_lambda': 6, 'xgboost__scale_pos_weight': 2, 'xgboost__subsample': 0.8405197135484546}",0.6171792152704135,0.6512378902045209,0.6611957796014069,0.6735436893203883,0.6507891435991824,0.0209517068495745,2
2.3166792392730713,0.03834264627247608,0.23043203353881836,0.00675578929897215,5000,"(1, 1)",1,0,0.47771489088022767,2,0,5,4,2.5,0.901054624513367,"{'tvec__max_features': 5000, 'tvec__ngram_range': (1, 1), 'xgboost__colsample_bytree': 1, 'xgboost__gamma': 0, 'xgboost__learning_rate': 0.47771489088022767, 'xgboost__max_depth': 2, 'xgboost__min_child_weight': 0, 'xgboost__reg_alpha': 5, 'xgboost__reg_lambda': 4, 'xgboost__scale_pos_weight': 2.5, 'xgboost__subsample': 0.901054624513367}",0.5418754473872585,0.5595147839272175,0.5778132482043097,0.5684615384615385,0.561916254495081,0.013256660228108797,39
2.667600691318512,0.022173853479553165,0.22679215669631958,0.007540044679491364,2500,"(1, 1)",0.8,0,0.32268638827758367,5,4,10,4,3,0.8477055615533238,"{'tvec__max_features': 2500, 'tvec__ngram_range': (1, 1), 'xgboost__colsample_bytree': 0.8, 'xgboost__gamma': 0, 'xgboost__learning_rate': 0.32268638827758367, 'xgboost__max_depth': 5, 'xgboost__min_child_weight': 4, 'xgboost__reg_alpha': 10, 'xgboost__reg_lambda': 4, 'xgboost__scale_pos_weight': 3, 'xgboost__subsample': 0.8477055615533238}",0.507420091324201,0.508761329305136,0.52841973766396,0.5133982947624848,0.5144998632639454,0.00833712029406428,73
2.8769267201423645,0.05642022974222989,0.32125598192214966,0.006837762439467197,2500,"(1, 2)",1,0,0.6293986381352625,3,0,4,5,2.5,0.69210091568961,"{'tvec__max_features': 2500, 'tvec__ngram_range': (1, 2), 'xgboost__colsample_bytree': 1, 'xgboost__gamma': 0, 'xgboost__learning_rate': 0.6293986381352625, 'xgboost__max_depth': 3, 'xgboost__min_child_weight': 0, 'xgboost__reg_alpha': 4, 'xgboost__reg_lambda': 5, 'xgboost__scale_pos_weight': 2.5, 'xgboost__subsample': 0.69210091568961}",0.5329849771391247,0.5431331953071084,0.5379876796714579,0.5402379286214136,0.5385859451847761,0.0037126573240338565,55
3.4836469888687134,0.02147578257880066,0.2307058572769165,0.006281658450958706,7500,"(1, 1)",1,0,0.2809631895922303,5,3,7,4,2.5,0.5940605798618807,"{'tvec__max_features': 7500, 'tvec__ngram_range': (1, 1), 'xgboost__colsample_bytree': 1, 'xgboost__gamma': 0, 'xgboost__learning_rate': 0.2809631895922303, 'xgboost__max_depth': 5, 'xgboost__min_child_weight': 3, 'xgboost__reg_alpha': 7, 'xgboost__reg_lambda': 4, 'xgboost__scale_pos_weight': 2.5, 'xgboost__subsample': 0.5940605798618807}",0.5362318840579711,0.5357887421820708,0.5607755406413124,0.5497529992942837,0.5456372915439095,0.010387026168863606,47
2.6440404653549194,0.016076089689996274,0.3128340244293213,0.011053180649169856,5000,"(1, 2)",0.9,0,0.26593792496423896,2,0,3,10,2.5,0.5161579755548252,"{'tvec__max_features': 5000, 'tvec__ngram_range': (1, 2), 'xgboost__colsample_bytree': 0.9, 'xgboost__gamma': 0, 'xgboost__learning_rate': 0.26593792496423896, 'xgboost__max_depth': 2, 'xgboost__min_child_weight': 0, 'xgboost__reg_alpha': 3, 'xgboost__reg_lambda': 10, 'xgboost__scale_pos_weight': 2.5, 'xgboost__subsample': 0.5161579755548252}",0.5423728813559322,0.5351390922401171,0.5620915032679739,0.5501519756838906,0.5474388631369784,0.009987609549109319,46
2.421012759208679,0.09831281226625332,0.23460263013839722,0.0004881454435549934,2500,"(1, 1)",0.8,0,0.8137950197069487,5,4,2,5,2.5,0.7083195288692397,"{'tvec__max_features': 2500, 'tvec__ngram_range': (1, 1), 'xgboost__colsample_bytree': 0.8, 'xgboost__gamma': 0, 'xgboost__learning_rate': 0.8137950197069487, 'xgboost__max_depth': 5, 'xgboost__min_child_weight': 4, 'xgboost__reg_alpha': 2, 'xgboost__reg_lambda': 5, 'xgboost__scale_pos_weight': 2.5, 'xgboost__subsample': 0.7083195288692397}",0.52228875582169,0.5318578135479544,0.5348516218081435,0.5300878972278567,0.5297715221014112,0.0046435953055748444,64
3.804924726486206,0.018683944665748436,0.41898393630981445,0.02784211445728835,2500,"(1, 3)",0.8,0,0.4182430362906189,5,1,10,4,3,0.7056275582926845,"{'tvec__max_features': 2500, 'tvec__ngram_range': (1, 3), 'xgboost__colsample_bytree': 0.8, 'xgboost__gamma': 0, 'xgboost__learning_rate': 0.4182430362906189, 'xgboost__max_depth': 5, 'xgboost__min_child_weight': 1, 'xgboost__reg_alpha': 10, 'xgboost__reg_lambda': 4, 'xgboost__scale_pos_weight': 3, 'xgboost__subsample': 0.7056275582926845}",0.5031700288184437,0.5139300533491404,0.5148632580261593,0.5239852398523985,0.5139871450115355,0.00737805422611626,74
2.034186363220215,0.041168453368250375,0.22886449098587036,0.006400361193355815,5000,"(1, 1)",0.9,0,0.9872761293149445,2,2,4,9,3,0.6964947244894295,"{'tvec__max_features': 5000, 'tvec__ngram_range': (1, 1), 'xgboost__colsample_bytree': 0.9, 'xgboost__gamma': 0, 'xgboost__learning_rate': 0.9872761293149445, 'xgboost__max_depth': 2, 'xgboost__min_child_weight': 2, 'xgboost__reg_alpha': 4, 'xgboost__reg_lambda': 9, 'xgboost__scale_pos_weight': 3, 'xgboost__subsample': 0.6964947244894295}",0.47040658775090066,0.47460496613995484,0.49529964747356053,0.4817477876106195,0.48051474724375887,0.009450053761479822,97
3.9921396374702454,0.015154333284454913,0.42243582010269165,0.01108794299813238,7500,"(1, 3)",0.8,0,0.8383287047111379,3,0,2,0,2,0.5281877483254636,"{'tvec__max_features': 7500, 'tvec__ngram_range': (1, 3), 'xgboost__colsample_bytree': 0.8, 'xgboost__gamma': 0, 'xgboost__learning_rate': 0.8383287047111379, 'xgboost__max_depth': 3, 'xgboost__min_child_weight': 0, 'xgboost__reg_alpha': 2, 'xgboost__reg_lambda': 0, 'xgboost__scale_pos_weight': 2, 'xgboost__subsample': 0.5281877483254636}",0.523442967109867,0.5284495021337127,0.5473372781065089,0.54572940287226,0.5362397875555871,0.010460093879364802,60
2.3796586990356445,0.02239964436020147,0.23284190893173218,0.0032393885024426016,5000,"(1, 1)",0.8,0,0.9997176732861306,3,2,4,6,2,0.863060422035924,"{'tvec__max_features': 5000, 'tvec__ngram_range': (1, 1), 'xgboost__colsample_bytree': 0.8, 'xgboost__gamma': 0, 'xgboost__learning_rate': 0.9997176732861306, 'xgboost__max_depth': 3, 'xgboost__min_child_weight': 2, 'xgboost__reg_alpha': 4, 'xgboost__reg_lambda': 6, 'xgboost__scale_pos_weight': 2, 'xgboost__subsample': 0.863060422035924}",0.5704334365325078,0.5628548256285483,0.5932062966031483,0.5855263157894737,0.5780052186384195,0.011984427043650416,32
3.54053395986557,0.03095595367748245,0.34039604663848877,0.00567087843509527,5000,"(1, 2)",1,0,0.24734810174319766,3,0,0,2,2,0.80308731722544,"{'tvec__max_features': 5000, 'tvec__ngram_range': (1, 2), 'xgboost__colsample_bytree': 1, 'xgboost__gamma': 0, 'xgboost__learning_rate': 0.24734810174319766, 'xgboost__max_depth': 3, 'xgboost__min_child_weight': 0, 'xgboost__reg_alpha': 0, 'xgboost__reg_lambda': 2, 'xgboost__scale_pos_weight': 2, 'xgboost__subsample': 0.80308731722544}",0.6150234741784038,0.6308277830637488,0.6587383660806618,0.6367226061204343,0.6353280573608122,0.01567255473400703,5
2.2713056802749634,0.011943829728623493,0.2288811206817627,0.006390534767071949,5000,"(1, 1)",0.8,0,0.7569991321722287,3,3,7,6,2.5,0.7490825933229465,"{'tvec__max_features': 5000, 'tvec__ngram_range': (1, 1), 'xgboost__colsample_bytree': 0.8, 'xgboost__gamma': 0, 'xgboost__learning_rate': 0.7569991321722287, 'xgboost__max_depth': 3, 'xgboost__min_child_weight': 3, 'xgboost__reg_alpha': 7, 'xgboost__reg_lambda': 6, 'xgboost__scale_pos_weight': 2.5, 'xgboost__subsample': 0.7490825933229465}",0.5183727034120735,0.539799331103679,0.5441988950276243,0.5430974071478627,0.5363670841728099,0.010514425407160055,59
5.214790523052216,0.02964270780929773,0.3358614444732666,0.0078123808571045755,5000,"(1, 2)",1,0,0.5201635011119934,5,0,5,4,2.5,0.9383268013291726,"{'tvec__max_features': 5000, 'tvec__ngram_range': (1, 2), 'xgboost__colsample_bytree': 1, 'xgboost__gamma': 0, 'xgboost__learning_rate': 0.5201635011119934, 'xgboost__max_depth': 5, 'xgboost__min_child_weight': 0, 'xgboost__reg_alpha': 5, 'xgboost__reg_lambda': 4, 'xgboost__scale_pos_weight': 2.5, 'xgboost__subsample': 0.9383268013291726}",0.5620127569099929,0.5529327610872675,0.5661929693343306,0.5633187772925764,0.5611143161560418,0.004959773335032073,40
2.4012863636016846,0.026391540667997974,0.222622811794281,0.006753623145213696,2500,"(1, 1)",1,0,0.028782676313338973,4,4,4,1,3,0.6064820807544553,"{'tvec__max_features': 2500, 'tvec__ngram_range': (1, 1), 'xgboost__colsample_bytree': 1, 'xgboost__gamma': 0, 'xgboost__learning_rate': 0.028782676313338973, 'xgboost__max_depth': 4, 'xgboost__min_child_weight': 4, 'xgboost__reg_alpha': 4, 'xgboost__reg_lambda': 1, 'xgboost__scale_pos_weight': 3, 'xgboost__subsample': 0.6064820807544553}",0.48427672955974843,0.46763392857142855,0.48425692695214106,0.47258338044092707,0.47718774138106124,0.00729216389188533,99
3.144401729106903,0.029316723218861234,0.320766806602478,0.00735394508935827,5000,"(1, 2)",0.9,0,0.6080878495418852,3,2,2,1,2,0.7569947445799055,"{'tvec__max_features': 5000, 'tvec__ngram_range': (1, 2), 'xgboost__colsample_bytree': 0.9, 'xgboost__gamma': 0, 'xgboost__learning_rate': 0.6080878495418852, 'xgboost__max_depth': 3, 'xgboost__min_child_weight': 2, 'xgboost__reg_alpha': 2, 'xgboost__reg_lambda': 1, 'xgboost__scale_pos_weight': 2, 'xgboost__subsample': 0.7569947445799055}",0.5625990491283677,0.5914684167350287,0.5965957446808511,0.5818181818181818,0.5831203480906073,0.012981678545694557,30
2.899868369102478,0.02837497463012739,0.32442569732666016,0.006944026557658663,7500,"(1, 2)",1,0,0.5236022760150112,2,4,3,9,2,0.7460581465397691,"{'tvec__max_features': 7500, 'tvec__ngram_range': (1, 2), 'xgboost__colsample_bytree': 1, 'xgboost__gamma': 0, 'xgboost__learning_rate': 0.5236022760150112, 'xgboost__max_depth': 2, 'xgboost__min_child_weight': 4, 'xgboost__reg_alpha': 3, 'xgboost__reg_lambda': 9, 'xgboost__scale_pos_weight': 2, 'xgboost__subsample': 0.7460581465397691}",0.5772285966460724,0.6038732394366197,0.620821394460363,0.6060606060606061,0.6019959591509153,0.015715158254119264,17
2.2905908823013306,0.021382909284768183,0.3085421323776245,0.006777336590254309,2500,"(1, 2)",0.9,0,0.4926180939928696,2,2,10,10,3,0.7686317083570351,"{'tvec__max_features': 2500, 'tvec__ngram_range': (1, 2), 'xgboost__colsample_bytree': 0.9, 'xgboost__gamma': 0, 'xgboost__learning_rate': 0.4926180939928696, 'xgboost__max_depth': 2, 'xgboost__min_child_weight': 2, 'xgboost__reg_alpha': 10, 'xgboost__reg_lambda': 10, 'xgboost__scale_pos_weight': 3, 'xgboost__subsample': 0.7686317083570351}",0.47489316239316237,0.4831081081081081,0.5056784219964137,0.49912331969608414,0.4907007530484421,0.01227597629074639,93
5.6533151268959045,0.13592804582683526,0.4260087013244629,0.006592997542268007,7500,"(1, 3)",1,0,0.40030048891028136,5,3,7,3,2,0.9483942049530059,"{'tvec__max_features': 7500, 'tvec__ngram_range': (1, 3), 'xgboost__colsample_bytree': 1, 'xgboost__gamma': 0, 'xgboost__learning_rate': 0.40030048891028136, 'xgboost__max_depth': 5, 'xgboost__min_child_weight': 3, 'xgboost__reg_alpha': 7, 'xgboost__reg_lambda': 3, 'xgboost__scale_pos_weight': 2, 'xgboost__subsample': 0.9483942049530059}",0.6119929453262787,0.6197183098591549,0.6335877862595419,0.6314363143631436,0.6241838389520298,0.008797605668944346,7
3.4719462394714355,0.017030853475089473,0.4178882837295532,0.006753657449874675,7500,"(1, 3)",0.8,0,0.9731103492701043,2,1,2,2,2,0.5844675315360823,"{'tvec__max_features': 7500, 'tvec__ngram_range': (1, 3), 'xgboost__colsample_bytree': 0.8, 'xgboost__gamma': 0, 'xgboost__learning_rate': 0.9731103492701043, 'xgboost__max_depth': 2, 'xgboost__min_child_weight': 1, 'xgboost__reg_alpha': 2, 'xgboost__reg_lambda': 2, 'xgboost__scale_pos_weight': 2, 'xgboost__subsample': 0.5844675315360823}",0.522889842632332,0.540460282108389,0.554773082942097,0.5482625482625483,0.5415964389863417,0.011929884308138123,53
1.9667020440101624,0.0030238718777668232,0.219307541847229,0.0010109657431941607,5000,"(1, 1)",0.9,0,0.08870253375705561,2,4,8,9,2.5,0.6821349305240377,"{'tvec__max_features': 5000, 'tvec__ngram_range': (1, 1), 'xgboost__colsample_bytree': 0.9, 'xgboost__gamma': 0, 'xgboost__learning_rate': 0.08870253375705561, 'xgboost__max_depth': 2, 'xgboost__min_child_weight': 4, 'xgboost__reg_alpha': 8, 'xgboost__reg_lambda': 9, 'xgboost__scale_pos_weight': 2.5, 'xgboost__subsample': 0.6821349305240377}",0.5072574484339191,0.536525974025974,0.5437987857762359,0.5294573643410853,0.5292598931443036,0.013677736457916905,65
3.187205672264099,0.038145580043742244,0.3324899673461914,0.013461832808013482,5000,"(1, 2)",0.8,0,0.321582764680029,3,0,8,5,3,0.7558285067736306,"{'tvec__max_features': 5000, 'tvec__ngram_range': (1, 2), 'xgboost__colsample_bytree': 0.8, 'xgboost__gamma': 0, 'xgboost__learning_rate': 0.321582764680029, 'xgboost__max_depth': 3, 'xgboost__min_child_weight': 0, 'xgboost__reg_alpha': 8, 'xgboost__reg_lambda': 5, 'xgboost__scale_pos_weight': 3, 'xgboost__subsample': 0.7558285067736306}",0.4928202182653647,0.4991243432574431,0.5247524752475248,0.5030193236714976,0.5049290901104575,0.012009721786248203,81
5.333570837974548,0.03776977087798263,0.4464687705039978,0.009244607233042905,7500,"(1, 3)",0.8,0,0.0025950243836465603,5,0,7,0,3,0.5922605096781887,"{'tvec__max_features': 7500, 'tvec__ngram_range': (1, 3), 'xgboost__colsample_bytree': 0.8, 'xgboost__gamma': 0, 'xgboost__learning_rate': 0.0025950243836465603, 'xgboost__max_depth': 5, 'xgboost__min_child_weight': 0, 'xgboost__reg_alpha': 7, 'xgboost__reg_lambda': 0, 'xgboost__scale_pos_weight': 3, 'xgboost__subsample': 0.5922605096781887}",0.3180009945300845,0.3175891758917589,0.32011046949535527,0.32038834951456313,0.31902224735794044,0.0012396686743114391,100
4.541151940822601,0.08624551120115076,0.43040478229522705,0.007637848764155597,7500,"(1, 3)",1,0,0.9240417591074331,3,1,6,7,2.5,0.8737354690668783,"{'tvec__max_features': 7500, 'tvec__ngram_range': (1, 3), 'xgboost__colsample_bytree': 1, 'xgboost__gamma': 0, 'xgboost__learning_rate': 0.9240417591074331, 'xgboost__max_depth': 3, 'xgboost__min_child_weight': 1, 'xgboost__reg_alpha': 6, 'xgboost__reg_lambda': 7, 'xgboost__scale_pos_weight': 2.5, 'xgboost__subsample': 0.8737354690668783}",0.5241561879549967,0.5491166077738516,0.5500705218617772,0.5551575931232091,0.5446252276784587,0.012038854108329933,48
4.425057530403137,0.13315121188597548,0.4624759554862976,0.02799743953542958,5000,"(1, 3)",1,0,0.7133495858845524,4,2,1,9,2.5,0.7663086332275115,"{'tvec__max_features': 5000, 'tvec__ngram_range': (1, 3), 'xgboost__colsample_bytree': 1, 'xgboost__gamma': 0, 'xgboost__learning_rate': 0.7133495858845524, 'xgboost__max_depth': 4, 'xgboost__min_child_weight': 2, 'xgboost__reg_alpha': 1, 'xgboost__reg_lambda': 9, 'xgboost__scale_pos_weight': 2.5, 'xgboost__subsample': 0.7663086332275115}",0.5389740173217855,0.5373032169746749,0.5525400139178844,0.5469964664310955,0.5439534286613601,0.006164604164137502,49
3.0204973220825195,0.06610703791741139,0.23571550846099854,0.02007697170340676,7500,"(1, 1)",1,0,0.37728416310462265,3,0,0,6,2.5,0.6637486760889573,"{'tvec__max_features': 7500, 'tvec__ngram_range': (1, 1), 'xgboost__colsample_bytree': 1, 'xgboost__gamma': 0, 'xgboost__learning_rate': 0.37728416310462265, 'xgboost__max_depth': 3, 'xgboost__min_child_weight': 0, 'xgboost__reg_alpha': 0, 'xgboost__reg_lambda': 6, 'xgboost__scale_pos_weight': 2.5, 'xgboost__subsample': 0.6637486760889573}",0.547568710359408,0.5537366548042705,0.5657604702424688,0.5562001450326324,0.5558164951096949,0.006545638198215054,44
2.7402082085609436,0.031545224779379474,0.2343205213546753,2.6656007498500226e-07,2500,"(1, 1)",0.8,0,0.5935924535540487,5,1,2,8,2,0.739791050877125,"{'tvec__max_features': 2500, 'tvec__ngram_range': (1, 1), 'xgboost__colsample_bytree': 0.8, 'xgboost__gamma': 0, 'xgboost__learning_rate': 0.5935924535540487, 'xgboost__max_depth': 5, 'xgboost__min_child_weight': 1, 'xgboost__reg_alpha': 2, 'xgboost__reg_lambda': 8, 'xgboost__scale_pos_weight': 2, 'xgboost__subsample': 0.739791050877125}",0.5776201733648542,0.5878986099754702,0.6057441253263708,0.591701244813278,0.5907410383699933,0.010077835981690538,23
5.176083028316498,0.014840582213701915,0.3436865210533142,0.011034305069592019,7500,"(1, 2)",0.9,0,0.5577422659504374,5,0,2,9,2,0.668723416935959,"{'tvec__max_features': 7500, 'tvec__ngram_range': (1, 2), 'xgboost__colsample_bytree': 0.9, 'xgboost__gamma': 0, 'xgboost__learning_rate': 0.5577422659504374, 'xgboost__max_depth': 5, 'xgboost__min_child_weight': 0, 'xgboost__reg_alpha': 2, 'xgboost__reg_lambda': 9, 'xgboost__scale_pos_weight': 2, 'xgboost__subsample': 0.668723416935959}",0.5821484992101106,0.5749799518845229,0.6034632034632035,0.5996649916247906,0.5900641615456569,0.011852229261071563,24
2.5129531025886536,0.024600178923886967,0.3395475745201111,0.046301749683265704,5000,"(1, 2)",1,0,0.35609672589784624,2,4,8,0,2,0.5508912363102019,"{'tvec__max_features': 5000, 'tvec__ngram_range': (1, 2), 'xgboost__colsample_bytree': 1, 'xgboost__gamma': 0, 'xgboost__learning_rate': 0.35609672589784624, 'xgboost__max_depth': 2, 'xgboost__min_child_weight': 4, 'xgboost__reg_alpha': 8, 'xgboost__reg_lambda': 0, 'xgboost__scale_pos_weight': 2, 'xgboost__subsample': 0.5508912363102019}",0.591726618705036,0.612933458294283,0.6178781925343811,0.6042047531992687,0.6066857556832421,0.009927683302777133,13
3.007395386695862,0.023592427330725713,0.33229130506515503,0.006590073654219793,5000,"(1, 2)",1,0,0.4878098008087379,3,2,7,6,2,0.5401168728308211,"{'tvec__max_features': 5000, 'tvec__ngram_range': (1, 2), 'xgboost__colsample_bytree': 1, 'xgboost__gamma': 0, 'xgboost__learning_rate': 0.4878098008087379, 'xgboost__max_depth': 3, 'xgboost__min_child_weight': 2, 'xgboost__reg_alpha': 7, 'xgboost__reg_lambda': 6, 'xgboost__scale_pos_weight': 2, 'xgboost__subsample': 0.5401168728308211}",0.5729508196721311,0.5916317991631799,0.6038602941176471,0.6076721883173496,0.5940287753175769,0.013535390547326545,21
4.9349746108055115,0.11087469528700941,0.4345225691795349,0.013826579524446866,7500,"(1, 3)",0.8,0,0.9823786169086064,4,1,3,10,3,0.9085360354746399,"{'tvec__max_features': 7500, 'tvec__ngram_range': (1, 3), 'xgboost__colsample_bytree': 0.8, 'xgboost__gamma': 0, 'xgboost__learning_rate': 0.9823786169086064, 'xgboost__max_depth': 4, 'xgboost__min_child_weight': 1, 'xgboost__reg_alpha': 3, 'xgboost__reg_lambda': 10, 'xgboost__scale_pos_weight': 3, 'xgboost__subsample': 0.9085360354746399}",0.49215572341661823,0.5002956830277943,0.5050685748360167,0.5018028846153846,0.4998307164739535,0.004755163502064013,86
2.2677555680274963,0.01870689960607313,0.30987000465393066,0.007597304330772344,2500,"(1, 2)",0.9,0,0.668643219924431,2,1,10,7,2.5,0.6399895468301421,"{'tvec__max_features': 2500, 'tvec__ngram_range': (1, 2), 'xgboost__colsample_bytree': 0.9, 'xgboost__gamma': 0, 'xgboost__learning_rate': 0.668643219924431, 'xgboost__max_depth': 2, 'xgboost__min_child_weight': 1, 'xgboost__reg_alpha': 10, 'xgboost__reg_lambda': 7, 'xgboost__scale_pos_weight': 2.5, 'xgboost__subsample': 0.6399895468301421}",0.5227272727272727,0.53276955602537,0.5550724637681159,0.542756183745583,0.5383313690665854,0.011981911613147033,56
3.000991702079773,0.033429087130129445,0.3166958689689636,0.016942796170165447,2500,"(1, 2)",0.9,0,0.3236792364042437,4,3,0,3,2,0.7649200115905583,"{'tvec__max_features': 2500, 'tvec__ngram_range': (1, 2), 'xgboost__colsample_bytree': 0.9, 'xgboost__gamma': 0, 'xgboost__learning_rate': 0.3236792364042437, 'xgboost__max_depth': 4, 'xgboost__min_child_weight': 3, 'xgboost__reg_alpha': 0, 'xgboost__reg_lambda': 3, 'xgboost__scale_pos_weight': 2, 'xgboost__subsample': 0.7649200115905583}",0.6003490401396161,0.6153161175422974,0.6320667284522706,0.6072695035460993,0.613750347420071,0.01182727593675261,11
2.184025526046753,0.01711461627865768,0.3073638677597046,0.009626133637517492,2500,"(1, 2)",0.9,0,0.28863055324025577,2,2,3,10,3,0.5259117684112135,"{'tvec__max_features': 2500, 'tvec__ngram_range': (1, 2), 'xgboost__colsample_bytree': 0.9, 'xgboost__gamma': 0, 'xgboost__learning_rate': 0.28863055324025577, 'xgboost__max_depth': 2, 'xgboost__min_child_weight': 2, 'xgboost__reg_alpha': 3, 'xgboost__reg_lambda': 10, 'xgboost__scale_pos_weight': 3, 'xgboost__subsample': 0.5259117684112135}",0.4875072632190587,0.48201027984009137,0.5102420856610801,0.49550629119233075,0.4938164799781402,0.01062836490015951,90
3.774414837360382,0.025302837395293622,0.34421372413635254,0.01029128558677892,5000,"(1, 2)",0.8,0,0.06337497047276774,5,1,7,1,2,0.5694123867210101,"{'tvec__max_features': 5000, 'tvec__ngram_range': (1, 2), 'xgboost__colsample_bytree': 0.8, 'xgboost__gamma': 0, 'xgboost__learning_rate': 0.06337497047276774, 'xgboost__max_depth': 5, 'xgboost__min_child_weight': 1, 'xgboost__reg_alpha': 7, 'xgboost__reg_lambda': 1, 'xgboost__scale_pos_weight': 2, 'xgboost__subsample': 0.5694123867210101}",0.6182741116751269,0.6397134083930399,0.6473214285714286,0.6469321851453176,0.6380602834462282,0.011818469277296711,4
2.762293517589569,0.03480664964814334,0.2343200445175171,0.011047869112251973,2500,"(1, 1)",0.8,0,0.5956387406078443,5,2,0,4,2.5,0.8729872627743591,"{'tvec__max_features': 2500, 'tvec__ngram_range': (1, 1), 'xgboost__colsample_bytree': 0.8, 'xgboost__gamma': 0, 'xgboost__learning_rate': 0.5956387406078443, 'xgboost__max_depth': 5, 'xgboost__min_child_weight': 2, 'xgboost__reg_alpha': 0, 'xgboost__reg_lambda': 4, 'xgboost__scale_pos_weight': 2.5, 'xgboost__subsample': 0.8729872627743591}",0.5316541865214431,0.5433566433566434,0.5503496503496503,0.5482054890921886,0.5433914923299814,0.007234571340917736,51
2.7085156440734863,0.014084756517504312,0.3244484066963196,0.006936211340680685,5000,"(1, 2)",0.8,0,0.7308674752036443,2,1,2,2,2,0.8705603246450295,"{'tvec__max_features': 5000, 'tvec__ngram_range': (1, 2), 'xgboost__colsample_bytree': 0.8, 'xgboost__gamma': 0, 'xgboost__learning_rate': 0.7308674752036443, 'xgboost__max_depth': 2, 'xgboost__min_child_weight': 1, 'xgboost__reg_alpha': 2, 'xgboost__reg_lambda': 2, 'xgboost__scale_pos_weight': 2, 'xgboost__subsample': 0.8705603246450295}",0.5813177648040033,0.590564448188711,0.5960144927536232,0.5835432409739715,0.5878599866800772,0.0058147450916214245,25
2.613226592540741,0.0235446187820576,0.230984628200531,0.007132883466921419,5000,"(1, 1)",1,0,0.7952673118598902,3,3,2,4,2,0.907287360115691,"{'tvec__max_features': 5000, 'tvec__ngram_range': (1, 1), 'xgboost__colsample_bytree': 1, 'xgboost__gamma': 0, 'xgboost__learning_rate': 0.7952673118598902, 'xgboost__max_depth': 3, 'xgboost__min_child_weight': 3, 'xgboost__reg_alpha': 2, 'xgboost__reg_lambda': 4, 'xgboost__scale_pos_weight': 2, 'xgboost__subsample': 0.907287360115691}",0.5564263322884012,0.5889164598842018,0.6070811744386874,0.5965811965811966,0.5872512907981218,0.018928961159626893,26
